year,month,emission_type,StandardVesselType,h3_resolution,resolution_id,emission_value
2015,1,ch4_t,Bulk carrier,8,8866124823fffff,1e-06
2015,1,ch4_t,Container ship,8,8866124823fffff,3.3e-05
2015,1,ch4_t,Tanker,8,8866124823fffff,3e-06
2015,1,ch4_t,General cargo ship,8,8866124825fffff,4.8e-05
2015,1,ch4_t,Ro-Ro vessel,8,8866124831fffff,2.8e-05
2015,1,n2o_t,Bulk carrier,8,8866124805fffff,3.2e-05
2015,1,n2o_t,Container ship,8,8866124823fffff,2.3e-05
2015,1,n2o_t,Tanker,8,8866124809fffff,1.4e-05
2015,1,n2o_t,General cargo ship,8,8866124829fffff,1e-06
2015,1,n2o_t,Ro-Ro vessel,8,8866124809fffff,2.1e-05
2015,1,co2_t,Bulk carrier,8,8866124807fffff,7e-06
2015,1,co2_t,Container ship,8,8866124807fffff,2.3e-05
2015,1,co2_t,Tanker,8,8866124827fffff,1.9e-05
2015,1,co2_t,General cargo ship,8,8866124831fffff,4.9e-05
2015,1,co2_t,Ro-Ro vessel,8,8866124823fffff,1.2e-05
2015,2,ch4_t,Bulk carrier,8,8866124823fffff,3.1e-05
2015,2,ch4_t,Container ship,8,8866124825fffff,4.8e-05
2015,2,ch4_t,Tanker,8,8866124825fffff,1e-05
2015,2,ch4_t,General cargo ship,8,8866124831fffff,2.5e-05
2015,2,ch4_t,Ro-Ro vessel,8,8866124831fffff,4.6e-05
2015,2,n2o_t,Bulk carrier,8,8866124825fffff,1.4e-05
2015,2,n2o_t,Container ship,8,8866124831fffff,1.8e-05
2015,2,n2o_t,Tanker,8,8866124807fffff,3e-05
2015,2,n2o_t,General cargo ship,8,8866124807fffff,3.5e-05
2015,2,n2o_t,Ro-Ro vessel,8,8866124827fffff,4e-05
2015,2,co2_t,Bulk carrier,8,8866124807fffff,2.1e-05
2015,2,co2_t,Container ship,8,8866124807fffff,2e-06
2015,2,co2_t,Tanker,8,8866124825fffff,2.8e-05
2015,2,co2_t,General cargo ship,8,8866124807fffff,3.1e-05
2015,2,co2_t,Ro-Ro vessel,8,8866124809fffff,4.4e-05
2015,3,ch4_t,Bulk carrier,8,8866124829fffff,1.7e-05
2015,3,ch4_t,Container ship,8,8866124807fffff,4e-06
2015,3,ch4_t,Tanker,8,8866124831fffff,4.6e-05
2015,3,ch4_t,General cargo ship,8,8866124805fffff,2.2e-05
2015,3,ch4_t,Ro-Ro vessel,8,8866124805fffff,6e-06
2015,3,n2o_t,Bulk carrier,8,8866124809fffff,4.2e-05
2015,3,n2o_t,Container ship,8,8866124827fffff,2.5e-05
2015,3,n2o_t,Tanker,8,8866124823fffff,2.7e-05
2015,3,n2o_t,General cargo ship,8,8866124825fffff,4e-05
2015,3,n2o_t,Ro-Ro vessel,8,8866124827fffff,4.8e-05
2015,3,co2_t,Bulk carrier,8,8866124823fffff,5e-05
2015,3,co2_t,Container ship,8,8866124807fffff,1.3e-05
2015,3,co2_t,Tanker,8,8866124829fffff,2.1e-05
2015,3,co2_t,General cargo ship,8,8866124823fffff,3.8e-05
2015,3,co2_t,Ro-Ro vessel,8,8866124809fffff,2.7e-05
2015,4,ch4_t,Bulk carrier,8,8866124805fffff,5e-06
2015,4,ch4_t,Container ship,8,8866124827fffff,7e-06
2015,4,ch4_t,Tanker,8,8866124825fffff,3.1e-05
2015,4,ch4_t,General cargo ship,8,8866124827fffff,1.1e-05
2015,4,ch4_t,Ro-Ro vessel,8,8866124827fffff,3.7e-05
2015,4,n2o_t,Bulk carrier,8,8866124825fffff,3.1e-05
2015,4,n2o_t,Container ship,8,8866124807fffff,3.8e-05
2015,4,n2o_t,Tanker,8,8866124831fffff,4e-05
2015,4,n2o_t,General cargo ship,8,8866124831fffff,2.1e-05
2015,4,n2o_t,Ro-Ro vessel,8,8866124807fffff,4.3e-05
2015,4,co2_t,Bulk carrier,8,8866124823fffff,2e-05
2015,4,co2_t,Container ship,8,8866124827fffff,4e-06
2015,4,co2_t,Tanker,8,8866124825fffff,4e-05
2015,4,co2_t,General cargo ship,8,8866124827fffff,1.9e-05
2015,4,co2_t,Ro-Ro vessel,8,8866124809fffff,5e-05
2015,5,ch4_t,Bulk carrier,8,8866124827fffff,2.8e-05
2015,5,ch4_t,Container ship,8,8866124831fffff,4.2e-05
2015,5,ch4_t,Tanker,8,8866124809fffff,3.9e-05
2015,5,ch4_t,General cargo ship,8,8866124805fffff,1e-05
2015,5,ch4_t,Ro-Ro vessel,8,8866124807fffff,5e-06
2015,5,n2o_t,Bulk carrier,8,8866124805fffff,1.9e-05
2015,5,n2o_t,Container ship,8,8866124823fffff,1.8e-05
2015,5,n2o_t,Tanker,8,8866124827fffff,3.7e-05
2015,5,n2o_t,General cargo ship,8,8866124805fffff,4.7e-05
2015,5,n2o_t,Ro-Ro vessel,8,8866124825fffff,2.7e-05
2015,5,co2_t,Bulk carrier,8,8866124827fffff,1.8e-05
2015,5,co2_t,Container ship,8,8866124807fffff,3.9e-05
2015,5,co2_t,Tanker,8,8866124823fffff,4e-06
2015,5,co2_t,General cargo ship,8,8866124827fffff,4e-06
2015,5,co2_t,Ro-Ro vessel,8,8866124809fffff,6e-06
2015,6,ch4_t,Bulk carrier,8,8866124807fffff,4.9e-05
2015,6,ch4_t,Container ship,8,8866124809fffff,3.4e-05
2015,6,ch4_t,Tanker,8,8866124807fffff,4.3e-05
2015,6,ch4_t,General cargo ship,8,8866124825fffff,2e-06
2015,6,ch4_t,Ro-Ro vessel,8,8866124825fffff,7e-06
2015,6,n2o_t,Bulk carrier,8,8866124827fffff,4.8e-05
2015,6,n2o_t,Container ship,8,8866124809fffff,5e-06
2015,6,n2o_t,Tanker,8,8866124805fffff,4.1e-05
2015,6,n2o_t,General cargo ship,8,8866124805fffff,1.2e-05
2015,6,n2o_t,Ro-Ro vessel,8,8866124823fffff,1.5e-05
2015,6,co2_t,Bulk carrier,8,8866124823fffff,1.3e-05
2015,6,co2_t,Container ship,8,8866124831fffff,2.8e-05
2015,6,co2_t,Tanker,8,8866124827fffff,3.5e-05
2015,6,co2_t,General cargo ship,8,8866124825fffff,2e-06
2015,6,co2_t,Ro-Ro vessel,8,8866124829fffff,3.9e-05
2015,7,ch4_t,Bulk carrier,8,8866124829fffff,4.6e-05
2015,7,ch4_t,Container ship,8,8866124831fffff,3e-05
2015,7,ch4_t,Tanker,8,8866124807fffff,2e-05
2015,7,ch4_t,General cargo ship,8,8866124809fffff,3e-05
2015,7,ch4_t,Ro-Ro vessel,8,8866124823fffff,4.3e-05
2015,7,n2o_t,Bulk carrier,8,8866124831fffff,2.4e-05
2015,7,n2o_t,Container ship,8,8866124823fffff,2.5e-05
2015,7,n2o_t,Tanker,8,8866124807fffff,1e-06
2015,7,n2o_t,General cargo ship,8,8866124807fffff,3.5e-05
2015,7,n2o_t,Ro-Ro vessel,8,8866124827fffff,3e-05
2015,7,co2_t,Bulk carrier,8,8866124807fffff,4.3e-05
2015,7,co2_t,Container ship,8,8866124825fffff,1e-05
2015,7,co2_t,Tanker,8,8866124823fffff,1.5e-05
2015,7,co2_t,General cargo ship,8,8866124807fffff,3.8e-05
2015,7,co2_t,Ro-Ro vessel,8,8866124827fffff,3.6e-05
2015,8,ch4_t,Bulk carrier,8,8866124805fffff,3e-05
2015,8,ch4_t,Container ship,8,8866124827fffff,4.7e-05
2015,8,ch4_t,Tanker,8,8866124809fffff,3.3e-05
2015,8,ch4_t,General cargo ship,8,8866124829fffff,1.3e-05
2015,8,ch4_t,Ro-Ro vessel,8,8866124807fffff,4.4e-05
2015,8,n2o_t,Bulk carrier,8,8866124825fffff,4.6e-05
2015,8,n2o_t,Container ship,8,8866124807fffff,2.8e-05
2015,8,n2o_t,Tanker,8,8866124805fffff,2.4e-05
2015,8,n2o_t,General cargo ship,8,8866124809fffff,5e-06
2015,8,n2o_t,Ro-Ro vessel,8,8866124805fffff,2.4e-05
2015,8,co2_t,Bulk carrier,8,8866124807fffff,7e-06
2015,8,co2_t,Container ship,8,8866124825fffff,3.7e-05
2015,8,co2_t,Tanker,8,8866124831fffff,1.7e-05
2015,8,co2_t,General cargo ship,8,8866124809fffff,3.2e-05
2015,8,co2_t,Ro-Ro vessel,8,8866124805fffff,8e-06
2015,9,ch4_t,Bulk carrier,8,8866124827fffff,2.1e-05
2015,9,ch4_t,Container ship,8,8866124805fffff,1.3e-05
2015,9,ch4_t,Tanker,8,8866124825fffff,2.4e-05
2015,9,ch4_t,General cargo ship,8,8866124809fffff,9e-06
2015,9,ch4_t,Ro-Ro vessel,8,8866124805fffff,3.5e-05
2015,9,n2o_t,Bulk carrier,8,8866124831fffff,1.8e-05
2015,9,n2o_t,Container ship,8,8866124823fffff,1.5e-05
2015,9,n2o_t,Tanker,8,8866124829fffff,5e-06
2015,9,n2o_t,General cargo ship,8,8866124805fffff,3e-06
2015,9,n2o_t,Ro-Ro vessel,8,8866124829fffff,3.1e-05
2015,9,co2_t,Bulk carrier,8,8866124829fffff,3.8e-05
2015,9,co2_t,Container ship,8,8866124827fffff,1.5e-05
2015,9,co2_t,Tanker,8,8866124805fffff,4e-06
2015,9,co2_t,General cargo ship,8,8866124831fffff,2e-06
2015,9,co2_t,Ro-Ro vessel,8,8866124825fffff,3.6e-05
2015,10,ch4_t,Bulk carrier,8,8866124831fffff,1.9e-05
2015,10,ch4_t,Container ship,8,8866124809fffff,5e-06
2015,10,ch4_t,Tanker,8,8866124829fffff,4.9e-05
2015,10,ch4_t,General cargo ship,8,8866124825fffff,5e-05
2015,10,ch4_t,Ro-Ro vessel,8,8866124825fffff,3.2e-05
2015,10,n2o_t,Bulk carrier,8,8866124805fffff,1.5e-05
2015,10,n2o_t,Container ship,8,8866124831fffff,4.5e-05
2015,10,n2o_t,Tanker,8,8866124807fffff,2.7e-05
2015,10,n2o_t,General cargo ship,8,8866124825fffff,4e-05
2015,10,n2o_t,Ro-Ro vessel,8,8866124825fffff,1e-06
2015,10,co2_t,Bulk carrier,8,8866124805fffff,4.2e-05
2015,10,co2_t,Container ship,8,8866124827fffff,2.5e-05
2015,10,co2_t,Tanker,8,8866124805fffff,8e-06
2015,10,co2_t,General cargo ship,8,8866124809fffff,7e-06
2015,10,co2_t,Ro-Ro vessel,8,8866124809fffff,3.5e-05
2015,11,ch4_t,Bulk carrier,8,8866124827fffff,2.9e-05
2015,11,ch4_t,Container ship,8,8866124825fffff,3.1e-05
2015,11,ch4_t,Tanker,8,8866124809fffff,1.9e-05
2015,11,ch4_t,General cargo ship,8,8866124807fffff,3.2e-05
2015,11,ch4_t,Ro-Ro vessel,8,8866124809fffff,2.3e-05
2015,11,n2o_t,Bulk carrier,8,8866124809fffff,2.5e-05
2015,11,n2o_t,Container ship,8,8866124807fffff,4.6e-05
2015,11,n2o_t,Tanker,8,8866124831fffff,5e-05
2015,11,n2o_t,General cargo ship,8,8866124809fffff,4.4e-05
2015,11,n2o_t,Ro-Ro vessel,8,8866124823fffff,4.9e-05
2015,11,co2_t,Bulk carrier,8,8866124827fffff,4.2e-05
2015,11,co2_t,Container ship,8,8866124809fffff,1.1e-05
2015,11,co2_t,Tanker,8,8866124829fffff,4.7e-05
2015,11,co2_t,General cargo ship,8,8866124827fffff,4.7e-05
2015,11,co2_t,Ro-Ro vessel,8,8866124827fffff,6e-06
2015,12,ch4_t,Bulk carrier,8,8866124823fffff,2e-05
2015,12,ch4_t,Container ship,8,8866124827fffff,2.7e-05
2015,12,ch4_t,Tanker,8,8866124827fffff,1e-05
2015,12,ch4_t,General cargo ship,8,8866124805fffff,4.7e-05
2015,12,ch4_t,Ro-Ro vessel,8,8866124825fffff,1.6e-05
2015,12,n2o_t,Bulk carrier,8,8866124825fffff,3.6e-05
2015,12,n2o_t,Container ship,8,8866124809fffff,1e-05
2015,12,n2o_t,Tanker,8,8866124805fffff,8e-06
2015,12,n2o_t,General cargo ship,8,8866124831fffff,8e-06
2015,12,n2o_t,Ro-Ro vessel,8,8866124805fffff,3.5e-05
2015,12,co2_t,Bulk carrier,8,8866124807fffff,1e-05
2015,12,co2_t,Container ship,8,8866124831fffff,4.5e-05
2015,12,co2_t,Tanker,8,8866124805fffff,3.9e-05
2015,12,co2_t,General cargo ship,8,8866124809fffff,2.3e-05
2015,12,co2_t,Ro-Ro vessel,8,8866124807fffff,3e-06
2016,1,ch4_t,Bulk carrier,8,8866124831fffff,2.2e-05
2016,1,ch4_t,Container ship,8,8866124825fffff,1.4e-05
2016,1,ch4_t,Tanker,8,8866124809fffff,1.6e-05
2016,1,ch4_t,General cargo ship,8,8866124831fffff,1.2e-05
2016,1,ch4_t,Ro-Ro vessel,8,8866124825fffff,1.8e-05
2016,1,n2o_t,Bulk carrier,8,8866124805fffff,3.5e-05
2016,1,n2o_t,Container ship,8,8866124823fffff,4.4e-05
2016,1,n2o_t,Tanker,8,8866124809fffff,1e-05
2016,1,n2o_t,General cargo ship,8,8866124823fffff,4.7e-05
2016,1,n2o_t,Ro-Ro vessel,8,8866124831fffff,1e-05
2016,1,co2_t,Bulk carrier,8,8866124827fffff,1.6e-05
2016,1,co2_t,Container ship,8,8866124823fffff,1e-06
2016,1,co2_t,Tanker,8,8866124805fffff,1.8e-05
2016,1,co2_t,General cargo ship,8,8866124823fffff,2.5e-05
2016,1,co2_t,Ro-Ro vessel,8,8866124829fffff,1.8e-05
2016,2,ch4_t,Bulk carrier,8,8866124823fffff,8e-06
2016,2,ch4_t,Container ship,8,8866124807fffff,3.6e-05
2016,2,ch4_t,Tanker,8,8866124827fffff,1.6e-05
2016,2,ch4_t,General cargo ship,8,8866124823fffff,1.5e-05
2016,2,ch4_t,Ro-Ro vessel,8,8866124823fffff,2.1e-05
2016,2,n2o_t,Bulk carrier,8,8866124827fffff,1.7e-05
2016,2,n2o_t,Container ship,8,8866124827fffff,1.2e-05
2016,2,n2o_t,Tanker,8,8866124823fffff,4.5e-05
2016,2,n2o_t,General cargo ship,8,8866124809fffff,4.9e-05
2016,2,n2o_t,Ro-Ro vessel,8,8866124829fffff,2.3e-05
2016,2,co2_t,Bulk carrier,8,8866124805fffff,1e-05
2016,2,co2_t,Container ship,8,8866124823fffff,1.7e-05
2016,2,co2_t,Tanker,8,8866124807fffff,8e-06
2016,2,co2_t,General cargo ship,8,8866124823fffff,2.6e-05
2016,2,co2_t,Ro-Ro vessel,8,8866124805fffff,2e-05
2016,3,ch4_t,Bulk carrier,8,8866124823fffff,4.1e-05
2016,3,ch4_t,Container ship,8,8866124831fffff,6e-06
2016,3,ch4_t,Tanker,8,8866124829fffff,1.6e-05
2016,3,ch4_t,General cargo ship,8,8866124823fffff,2.7e-05
2016,3,ch4_t,Ro-Ro vessel,8,8866124807fffff,3.4e-05
2016,3,n2o_t,Bulk carrier,8,8866124805fffff,3.3e-05
2016,3,n2o_t,Container ship,8,8866124829fffff,2.7e-05
2016,3,n2o_t,Tanker,8,8866124829fffff,8e-06
2016,3,n2o_t,General cargo ship,8,8866124831fffff,1.5e-05
2016,3,n2o_t,Ro-Ro vessel,8,8866124829fffff,3e-05
2016,3,co2_t,Bulk carrier,8,8866124827fffff,4.7e-05
2016,3,co2_t,Container ship,8,8866124831fffff,3.5e-05
2016,3,co2_t,Tanker,8,8866124827fffff,2e-05
2016,3,co2_t,General cargo ship,8,8866124829fffff,2.6e-05
2016,3,co2_t,Ro-Ro vessel,8,8866124805fffff,4.3e-05
2016,4,ch4_t,Bulk carrier,8,8866124831fffff,2.3e-05
2016,4,ch4_t,Container ship,8,8866124831fffff,4.5e-05
2016,4,ch4_t,Tanker,8,8866124805fffff,4.8e-05
2016,4,ch4_t,General cargo ship,8,8866124825fffff,1.7e-05
2016,4,ch4_t,Ro-Ro vessel,8,8866124831fffff,4.1e-05
2016,4,n2o_t,Bulk carrier,8,8866124827fffff,7e-06
2016,4,n2o_t,Container ship,8,8866124823fffff,3.9e-05
2016,4,n2o_t,Tanker,8,8866124827fffff,1.9e-05
2016,4,n2o_t,General cargo ship,8,8866124807fffff,4.3e-05
2016,4,n2o_t,Ro-Ro vessel,8,8866124829fffff,1.7e-05
2016,4,co2_t,Bulk carrier,8,8866124807fffff,4.2e-05
2016,4,co2_t,Container ship,8,8866124831fffff,2e-05
2016,4,co2_t,Tanker,8,8866124823fffff,6e-06
2016,4,co2_t,General cargo ship,8,8866124825fffff,9e-06
2016,4,co2_t,Ro-Ro vessel,8,8866124825fffff,4.9e-05
2016,5,ch4_t,Bulk carrier,8,8866124823fffff,8e-06
2016,5,ch4_t,Container ship,8,8866124827fffff,4.2e-05
2016,5,ch4_t,Tanker,8,8866124827fffff,2.3e-05
2016,5,ch4_t,General cargo ship,8,8866124805fffff,1.7e-05
2016,5,ch4_t,Ro-Ro vessel,8,8866124805fffff,1.9e-05
2016,5,n2o_t,Bulk carrier,8,8866124823fffff,6e-06
2016,5,n2o_t,Container ship,8,8866124829fffff,5e-06
2016,5,n2o_t,Tanker,8,8866124807fffff,2.1e-05
2016,5,n2o_t,General cargo ship,8,8866124831fffff,4.8e-05
2016,5,n2o_t,Ro-Ro vessel,8,8866124805fffff,4.4e-05
2016,5,co2_t,Bulk carrier,8,8866124825fffff,3e-06
2016,5,co2_t,Container ship,8,8866124807fffff,3.8e-05
2016,5,co2_t,Tanker,8,8866124829fffff,4.1e-05
2016,5,co2_t,General cargo ship,8,8866124827fffff,2.6e-05
2016,5,co2_t,Ro-Ro vessel,8,8866124825fffff,3.8e-05
2016,6,ch4_t,Bulk carrier,8,8866124829fffff,4.7e-05
2016,6,ch4_t,Container ship,8,8866124807fffff,3.1e-05
2016,6,ch4_t,Tanker,8,8866124831fffff,7e-06
2016,6,ch4_t,General cargo ship,8,8866124827fffff,5e-06
2016,6,ch4_t,Ro-Ro vessel,8,8866124805fffff,7e-06
2016,6,n2o_t,Bulk carrier,8,8866124827fffff,7e-06
2016,6,n2o_t,Container ship,8,8866124823fffff,9e-06
2016,6,n2o_t,Tanker,8,8866124809fffff,2e-06
2016,6,n2o_t,General cargo ship,8,8866124807fffff,3e-05
2016,6,n2o_t,Ro-Ro vessel,8,8866124809fffff,3e-06
2016,6,co2_t,Bulk carrier,8,8866124825fffff,1.1e-05
2016,6,co2_t,Container ship,8,8866124831fffff,2.1e-05
2016,6,co2_t,Tanker,8,8866124825fffff,3.4e-05
2016,6,co2_t,General cargo ship,8,8866124807fffff,1.7e-05
2016,6,co2_t,Ro-Ro vessel,8,8866124825fffff,1.2e-05
2016,7,ch4_t,Bulk carrier,8,8866124823fffff,2.1e-05
2016,7,ch4_t,Container ship,8,8866124823fffff,4.3e-05
2016,7,ch4_t,Tanker,8,8866124809fffff,2.1e-05
2016,7,ch4_t,General cargo ship,8,8866124831fffff,2.8e-05
2016,7,ch4_t,Ro-Ro vessel,8,8866124809fffff,2.5e-05
2016,7,n2o_t,Bulk carrier,8,8866124827fffff,3.2e-05
2016,7,n2o_t,Container ship,8,8866124825fffff,2.6e-05
2016,7,n2o_t,Tanker,8,8866124807fffff,4.9e-05
2016,7,n2o_t,General cargo ship,8,8866124831fffff,4e-06
2016,7,n2o_t,Ro-Ro vessel,8,8866124805fffff,2.4e-05
2016,7,co2_t,Bulk carrier,8,8866124825fffff,6e-06
2016,7,co2_t,Container ship,8,8866124807fffff,1.4e-05
2016,7,co2_t,Tanker,8,8866124831fffff,2.2e-05
2016,7,co2_t,General cargo ship,8,8866124805fffff,2.6e-05
2016,7,co2_t,Ro-Ro vessel,8,8866124823fffff,6e-06
2016,8,ch4_t,Bulk carrier,8,8866124831fffff,2.6e-05
2016,8,ch4_t,Container ship,8,8866124807fffff,2.1e-05
2016,8,ch4_t,Tanker,8,8866124823fffff,3.4e-05
2016,8,ch4_t,General cargo ship,8,8866124827fffff,2.5e-05
2016,8,ch4_t,Ro-Ro vessel,8,8866124807fffff,3e-06
2016,8,n2o_t,Bulk carrier,8,8866124829fffff,3.1e-05
2016,8,n2o_t,Container ship,8,8866124809fffff,7e-06
2016,8,n2o_t,Tanker,8,8866124829fffff,6e-06
2016,8,n2o_t,General cargo ship,8,8866124809fffff,1.3e-05
2016,8,n2o_t,Ro-Ro vessel,8,8866124827fffff,3e-06
2016,8,co2_t,Bulk carrier,8,8866124823fffff,3.4e-05
2016,8,co2_t,Container ship,8,8866124809fffff,4.6e-05
2016,8,co2_t,Tanker,8,8866124809fffff,2e-06
2016,8,co2_t,General cargo ship,8,8866124807fffff,1.5e-05
2016,8,co2_t,Ro-Ro vessel,8,8866124827fffff,4.5e-05
2016,9,ch4_t,Bulk carrier,8,8866124807fffff,4.7e-05
2016,9,ch4_t,Container ship,8,8866124807fffff,2.9e-05
2016,9,ch4_t,Tanker,8,8866124805fffff,2.4e-05
2016,9,ch4_t,General cargo ship,8,8866124825fffff,2.8e-05
2016,9,ch4_t,Ro-Ro vessel,8,8866124831fffff,1.9e-05
2016,9,n2o_t,Bulk carrier,8,8866124827fffff,1e-05
2016,9,n2o_t,Container ship,8,8866124809fffff,3.5e-05
2016,9,n2o_t,Tanker,8,8866124807fffff,1.6e-05
2016,9,n2o_t,General cargo ship,8,8866124825fffff,3.1e-05
2016,9,n2o_t,Ro-Ro vessel,8,8866124827fffff,4.9e-05
2016,9,co2_t,Bulk carrier,8,8866124825fffff,3.4e-05
2016,9,co2_t,Container ship,8,8866124805fffff,4.2e-05
2016,9,co2_t,Tanker,8,8866124829fffff,2.9e-05
2016,9,co2_t,General cargo ship,8,8866124825fffff,2.8e-05
2016,9,co2_t,Ro-Ro vessel,8,8866124805fffff,2.6e-05
2016,10,ch4_t,Bulk carrier,8,8866124807fffff,2.4e-05
2016,10,ch4_t,Container ship,8,8866124805fffff,5e-06
2016,10,ch4_t,Tanker,8,8866124807fffff,2e-06
2016,10,ch4_t,General cargo ship,8,8866124823fffff,3.1e-05
2016,10,ch4_t,Ro-Ro vessel,8,8866124827fffff,2.5e-05
2016,10,n2o_t,Bulk carrier,8,8866124831fffff,4.5e-05
2016,10,n2o_t,Container ship,8,8866124831fffff,4.3e-05
2016,10,n2o_t,Tanker,8,8866124825fffff,4.4e-05
2016,10,n2o_t,General cargo ship,8,8866124805fffff,2.6e-05
2016,10,n2o_t,Ro-Ro vessel,8,8866124807fffff,2.5e-05
2016,10,co2_t,Bulk carrier,8,8866124825fffff,1.7e-05
2016,10,co2_t,Container ship,8,8866124807fffff,3.7e-05
2016,10,co2_t,Tanker,8,8866124827fffff,3.7e-05
2016,10,co2_t,General cargo ship,8,8866124823fffff,2.1e-05
2016,10,co2_t,Ro-Ro vessel,8,8866124825fffff,6e-06
2016,11,ch4_t,Bulk carrier,8,8866124805fffff,2.6e-05
2016,11,ch4_t,Container ship,8,8866124829fffff,8e-06
2016,11,ch4_t,Tanker,8,8866124805fffff,4e-06
2016,11,ch4_t,General cargo ship,8,8866124805fffff,3.1e-05
2016,11,ch4_t,Ro-Ro vessel,8,8866124807fffff,2.6e-05
2016,11,n2o_t,Bulk carrier,8,8866124809fffff,4.8e-05
2016,11,n2o_t,Container ship,8,8866124809fffff,2.5e-05
2016,11,n2o_t,Tanker,8,8866124807fffff,4.6e-05
2016,11,n2o_t,General cargo ship,8,8866124823fffff,2e-05
2016,11,n2o_t,Ro-Ro vessel,8,8866124827fffff,9e-06
2016,11,co2_t,Bulk carrier,8,8866124807fffff,4.4e-05
2016,11,co2_t,Container ship,8,8866124823fffff,2.5e-05
2016,11,co2_t,Tanker,8,8866124825fffff,3.1e-05
2016,11,co2_t,General cargo ship,8,8866124805fffff,1.1e-05
2016,11,co2_t,Ro-Ro vessel,8,8866124809fffff,4.9e-05
2016,12,ch4_t,Bulk carrier,8,8866124807fffff,9e-06
2016,12,ch4_t,Container ship,8,8866124831fffff,1.2e-05
2016,12,ch4_t,Tanker,8,8866124829fffff,3e-06
2016,12,ch4_t,General cargo ship,8,8866124807fffff,9e-06
2016,12,ch4_t,Ro-Ro vessel,8,8866124831fffff,7e-06
2016,12,n2o_t,Bulk carrier,8,8866124809fffff,4.8e-05
2016,12,n2o_t,Container ship,8,8866124807fffff,1.7e-05
2016,12,n2o_t,Tanker,8,8866124829fffff,4.5e-05
2016,12,n2o_t,General cargo ship,8,8866124829fffff,1e-05
2016,12,n2o_t,Ro-Ro vessel,8,8866124831fffff,4e-05
2016,12,co2_t,Bulk carrier,8,8866124829fffff,3e-06
2016,12,co2_t,Container ship,8,8866124829fffff,3.3e-05
2016,12,co2_t,Tanker,8,8866124823fffff,3.6e-05
2016,12,co2_t,General cargo ship,8,8866124827fffff,4.4e-05
2016,12,co2_t,Ro-Ro vessel,8,8866124823fffff,2.3e-05
2017,1,ch4_t,Bulk carrier,8,8866124805fffff,5e-05
2017,1,ch4_t,Container ship,8,8866124807fffff,1.7e-05
2017,1,ch4_t,Tanker,8,8866124825fffff,3.5e-05
2017,1,ch4_t,General cargo ship,8,8866124805fffff,1.9e-05
2017,1,ch4_t,Ro-Ro vessel,8,8866124805fffff,2.6e-05
2017,1,n2o_t,Bulk carrier,8,8866124831fffff,2.4e-05
2017,1,n2o_t,Container ship,8,8866124827fffff,2.1e-05
2017,1,n2o_t,Tanker,8,8866124831fffff,2.7e-05
2017,1,n2o_t,General cargo ship,8,8866124809fffff,4e-06
2017,1,n2o_t,Ro-Ro vessel,8,8866124825fffff,2.2e-05
2017,1,co2_t,Bulk carrier,8,8866124827fffff,2.4e-05
2017,1,co2_t,Container ship,8,8866124807fffff,4e-06
2017,1,co2_t,Tanker,8,8866124829fffff,4.4e-05
2017,1,co2_t,General cargo ship,8,8866124823fffff,5e-06
2017,1,co2_t,Ro-Ro vessel,8,8866124809fffff,4.3e-05
2017,2,ch4_t,Bulk carrier,8,8866124807fffff,2.4e-05
2017,2,ch4_t,Container ship,8,8866124825fffff,2.6e-05
2017,2,ch4_t,Tanker,8,8866124829fffff,1.6e-05
2017,2,ch4_t,General cargo ship,8,8866124827fffff,2.2e-05
2017,2,ch4_t,Ro-Ro vessel,8,8866124807fffff,4.6e-05
2017,2,n2o_t,Bulk carrier,8,8866124823fffff,1.2e-05
2017,2,n2o_t,Container ship,8,8866124823fffff,1.7e-05
2017,2,n2o_t,Tanker,8,8866124829fffff,1.2e-05
2017,2,n2o_t,General cargo ship,8,8866124831fffff,1.9e-05
2017,2,n2o_t,Ro-Ro vessel,8,8866124805fffff,1.3e-05
2017,2,co2_t,Bulk carrier,8,8866124825fffff,1.4e-05
2017,2,co2_t,Container ship,8,8866124825fffff,7e-06
2017,2,co2_t,Tanker,8,8866124829fffff,4e-06
2017,2,co2_t,General cargo ship,8,8866124823fffff,1.1e-05
2017,2,co2_t,Ro-Ro vessel,8,8866124829fffff,4e-05
2017,3,ch4_t,Bulk carrier,8,8866124807fffff,1.7e-05
2017,3,ch4_t,Container ship,8,8866124807fffff,3.6e-05
2017,3,ch4_t,Tanker,8,8866124825fffff,4e-05
2017,3,ch4_t,General cargo ship,8,8866124831fffff,7e-06
2017,3,ch4_t,Ro-Ro vessel,8,8866124809fffff,3.6e-05
2017,3,n2o_t,Bulk carrier,8,8866124831fffff,2.5e-05
2017,3,n2o_t,Container ship,8,8866124825fffff,3.2e-05
2017,3,n2o_t,Tanker,8,8866124831fffff,7e-06
2017,3,n2o_t,General cargo ship,8,8866124825fffff,8e-06
2017,3,n2o_t,Ro-Ro vessel,8,8866124827fffff,4.6e-05
2017,3,co2_t,Bulk carrier,8,8866124807fffff,2.2e-05
2017,3,co2_t,Container ship,8,8866124829fffff,4.1e-05
2017,3,co2_t,Tanker,8,8866124827fffff,2.1e-05
2017,3,co2_t,General cargo ship,8,8866124823fffff,3.1e-05
2017,3,co2_t,Ro-Ro vessel,8,8866124827fffff,3.2e-05
2017,4,ch4_t,Bulk carrier,8,8866124809fffff,1.3e-05
2017,4,ch4_t,Container ship,8,8866124831fffff,1.4e-05
2017,4,ch4_t,Tanker,8,8866124831fffff,3.4e-05
2017,4,ch4_t,General cargo ship,8,8866124807fffff,1.3e-05
2017,4,ch4_t,Ro-Ro vessel,8,8866124831fffff,3.9e-05
2017,4,n2o_t,Bulk carrier,8,8866124829fffff,5e-06
2017,4,n2o_t,Container ship,8,8866124829fffff,4e-05
2017,4,n2o_t,Tanker,8,8866124823fffff,3.5e-05
2017,4,n2o_t,General cargo ship,8,8866124809fffff,2.2e-05
2017,4,n2o_t,Ro-Ro vessel,8,8866124805fffff,3.9e-05
2017,4,co2_t,Bulk carrier,8,8866124805fffff,3.9e-05
2017,4,co2_t,Container ship,8,8866124807fffff,4e-05
2017,4,co2_t,Tanker,8,8866124805fffff,3.8e-05
2017,4,co2_t,General cargo ship,8,8866124807fffff,2e-05
2017,4,co2_t,Ro-Ro vessel,8,8866124809fffff,1.9e-05
2017,5,ch4_t,Bulk carrier,8,8866124827fffff,3e-06
2017,5,ch4_t,Container ship,8,8866124831fffff,2.4e-05
2017,5,ch4_t,Tanker,8,8866124805fffff,3e-05
2017,5,ch4_t,General cargo ship,8,8866124827fffff,4.9e-05
2017,5,ch4_t,Ro-Ro vessel,8,8866124807fffff,4.8e-05
2017,5,n2o_t,Bulk carrier,8,8866124825fffff,4.4e-05
2017,5,n2o_t,Container ship,8,8866124831fffff,2.1e-05
2017,5,n2o_t,Tanker,8,8866124825fffff,3e-06
2017,5,n2o_t,General cargo ship,8,8866124823fffff,3.2e-05
2017,5,n2o_t,Ro-Ro vessel,8,8866124807fffff,2.8e-05
2017,5,co2_t,Bulk carrier,8,8866124805fffff,3.7e-05
2017,5,co2_t,Container ship,8,8866124827fffff,4.5e-05
2017,5,co2_t,Tanker,8,8866124831fffff,2.8e-05
2017,5,co2_t,General cargo ship,8,8866124823fffff,2.3e-05
2017,5,co2_t,Ro-Ro vessel,8,8866124805fffff,4.4e-05
2017,6,ch4_t,Bulk carrier,8,8866124809fffff,3.4e-05
2017,6,ch4_t,Container ship,8,8866124827fffff,3.7e-05
2017,6,ch4_t,Tanker,8,8866124827fffff,1.5e-05
2017,6,ch4_t,General cargo ship,8,8866124831fffff,4e-06
2017,6,ch4_t,Ro-Ro vessel,8,8866124809fffff,2.9e-05
2017,6,n2o_t,Bulk carrier,8,8866124827fffff,2e-06
2017,6,n2o_t,Container ship,8,8866124823fffff,1.5e-05
2017,6,n2o_t,Tanker,8,8866124823fffff,3.5e-05
2017,6,n2o_t,General cargo ship,8,8866124805fffff,3.3e-05
2017,6,n2o_t,Ro-Ro vessel,8,8866124827fffff,3.1e-05
2017,6,co2_t,Bulk carrier,8,8866124809fffff,2.6e-05
2017,6,co2_t,Container ship,8,8866124827fffff,2.9e-05
2017,6,co2_t,Tanker,8,8866124831fffff,2.7e-05
2017,6,co2_t,General cargo ship,8,8866124829fffff,4.3e-05
2017,6,co2_t,Ro-Ro vessel,8,8866124825fffff,2.7e-05
2017,7,ch4_t,Bulk carrier,8,8866124823fffff,4.3e-05
2017,7,ch4_t,Container ship,8,8866124805fffff,6e-06
2017,7,ch4_t,Tanker,8,8866124827fffff,4.9e-05
2017,7,ch4_t,General cargo ship,8,8866124805fffff,1e-05
2017,7,ch4_t,Ro-Ro vessel,8,8866124809fffff,2.9e-05
2017,7,n2o_t,Bulk carrier,8,8866124829fffff,4.3e-05
2017,7,n2o_t,Container ship,8,8866124807fffff,4.5e-05
2017,7,n2o_t,Tanker,8,8866124829fffff,4e-06
2017,7,n2o_t,General cargo ship,8,8866124829fffff,1e-05
2017,7,n2o_t,Ro-Ro vessel,8,8866124825fffff,2.5e-05
2017,7,co2_t,Bulk carrier,8,8866124827fffff,1.9e-05
2017,7,co2_t,Container ship,8,8866124829fffff,2.8e-05
2017,7,co2_t,Tanker,8,8866124827fffff,2e-06
2017,7,co2_t,General cargo ship,8,8866124807fffff,2.9e-05
2017,7,co2_t,Ro-Ro vessel,8,8866124825fffff,3.9e-05
2017,8,ch4_t,Bulk carrier,8,8866124807fffff,7e-06
2017,8,ch4_t,Container ship,8,8866124807fffff,4.3e-05
2017,8,ch4_t,Tanker,8,8866124825fffff,2.6e-05
2017,8,ch4_t,General cargo ship,8,8866124823fffff,3.4e-05
2017,8,ch4_t,Ro-Ro vessel,8,8866124805fffff,1.5e-05
2017,8,n2o_t,Bulk carrier,8,8866124809fffff,4.8e-05
2017,8,n2o_t,Container ship,8,8866124823fffff,3.8e-05
2017,8,n2o_t,Tanker,8,8866124809fffff,9e-06
2017,8,n2o_t,General cargo ship,8,8866124807fffff,4.7e-05
2017,8,n2o_t,Ro-Ro vessel,8,8866124805fffff,4.8e-05
2017,8,co2_t,Bulk carrier,8,8866124805fffff,1.3e-05
2017,8,co2_t,Container ship,8,8866124807fffff,1.8e-05
2017,8,co2_t,Tanker,8,8866124827fffff,3.7e-05
2017,8,co2_t,General cargo ship,8,8866124829fffff,3.2e-05
2017,8,co2_t,Ro-Ro vessel,8,8866124809fffff,4e-06
2017,9,ch4_t,Bulk carrier,8,8866124831fffff,5e-06
2017,9,ch4_t,Container ship,8,8866124809fffff,3.4e-05
2017,9,ch4_t,Tanker,8,8866124827fffff,2.8e-05
2017,9,ch4_t,General cargo ship,8,8866124807fffff,2.2e-05
2017,9,ch4_t,Ro-Ro vessel,8,8866124805fffff,4e-06
2017,9,n2o_t,Bulk carrier,8,8866124809fffff,4.4e-05
2017,9,n2o_t,Container ship,8,8866124823fffff,1.6e-05
2017,9,n2o_t,Tanker,8,8866124829fffff,2.8e-05
2017,9,n2o_t,General cargo ship,8,8866124807fffff,3.6e-05
2017,9,n2o_t,Ro-Ro vessel,8,8866124807fffff,4.6e-05
2017,9,co2_t,Bulk carrier,8,8866124825fffff,3.2e-05
2017,9,co2_t,Container ship,8,8866124829fffff,1e-05
2017,9,co2_t,Tanker,8,8866124831fffff,4e-05
2017,9,co2_t,General cargo ship,8,8866124831fffff,3.4e-05
2017,9,co2_t,Ro-Ro vessel,8,8866124831fffff,2.3e-05
2017,10,ch4_t,Bulk carrier,8,8866124825fffff,3e-05
2017,10,ch4_t,Container ship,8,8866124823fffff,1.9e-05
2017,10,ch4_t,Tanker,8,8866124827fffff,7e-06
2017,10,ch4_t,General cargo ship,8,8866124809fffff,2.8e-05
2017,10,ch4_t,Ro-Ro vessel,8,8866124809fffff,1.4e-05
2017,10,n2o_t,Bulk carrier,8,8866124807fffff,1.2e-05
2017,10,n2o_t,Container ship,8,8866124829fffff,1.3e-05
2017,10,n2o_t,Tanker,8,8866124809fffff,2.6e-05
2017,10,n2o_t,General cargo ship,8,8866124831fffff,2.6e-05
2017,10,n2o_t,Ro-Ro vessel,8,8866124807fffff,2e-06
2017,10,co2_t,Bulk carrier,8,8866124827fffff,3e-06
2017,10,co2_t,Container ship,8,8866124829fffff,2.7e-05
2017,10,co2_t,Tanker,8,8866124831fffff,4e-05
2017,10,co2_t,General cargo ship,8,8866124831fffff,4e-06
2017,10,co2_t,Ro-Ro vessel,8,8866124805fffff,8e-06
2017,11,ch4_t,Bulk carrier,8,8866124829fffff,3.8e-05
2017,11,ch4_t,Container ship,8,8866124829fffff,2e-05
2017,11,ch4_t,Tanker,8,8866124825fffff,5e-05
2017,11,ch4_t,General cargo ship,8,8866124829fffff,3.1e-05
2017,11,ch4_t,Ro-Ro vessel,8,8866124809fffff,1.4e-05
2017,11,n2o_t,Bulk carrier,8,8866124831fffff,3.9e-05
2017,11,n2o_t,Container ship,8,8866124805fffff,6e-06
2017,11,n2o_t,Tanker,8,8866124827fffff,3e-06
2017,11,n2o_t,General cargo ship,8,8866124823fffff,2.3e-05
2017,11,n2o_t,Ro-Ro vessel,8,8866124827fffff,4e-06
2017,11,co2_t,Bulk carrier,8,8866124829fffff,4.1e-05
2017,11,co2_t,Container ship,8,8866124829fffff,4e-05
2017,11,co2_t,Tanker,8,8866124831fffff,3.7e-05
2017,11,co2_t,General cargo ship,8,8866124823fffff,1e-05
2017,11,co2_t,Ro-Ro vessel,8,8866124805fffff,2.6e-05
2017,12,ch4_t,Bulk carrier,8,8866124825fffff,2.6e-05
2017,12,ch4_t,Container ship,8,8866124807fffff,1.1e-05
2017,12,ch4_t,Tanker,8,8866124829fffff,8e-06
2017,12,ch4_t,General cargo ship,8,8866124809fffff,2.5e-05
2017,12,ch4_t,Ro-Ro vessel,8,8866124825fffff,4e-06
2017,12,n2o_t,Bulk carrier,8,8866124809fffff,1.3e-05
2017,12,n2o_t,Container ship,8,8866124829fffff,3.9e-05
2017,12,n2o_t,Tanker,8,8866124809fffff,3.8e-05
2017,12,n2o_t,General cargo ship,8,8866124825fffff,2e-05
2017,12,n2o_t,Ro-Ro vessel,8,8866124825fffff,2.1e-05
2017,12,co2_t,Bulk carrier,8,8866124823fffff,4.9e-05
2017,12,co2_t,Container ship,8,8866124827fffff,2.4e-05
2017,12,co2_t,Tanker,8,8866124805fffff,3.3e-05
2017,12,co2_t,General cargo ship,8,8866124831fffff,3e-05
2017,12,co2_t,Ro-Ro vessel,8,8866124831fffff,2.2e-05
2018,1,ch4_t,Bulk carrier,8,8866124809fffff,2e-05
2018,1,ch4_t,Container ship,8,8866124829fffff,4.6e-05
2018,1,ch4_t,Tanker,8,8866124827fffff,4e-06
2018,1,ch4_t,General cargo ship,8,8866124809fffff,4.5e-05
2018,1,ch4_t,Ro-Ro vessel,8,8866124809fffff,2e-06
2018,1,n2o_t,Bulk carrier,8,8866124823fffff,3e-06
2018,1,n2o_t,Container ship,8,8866124829fffff,4.9e-05
2018,1,n2o_t,Tanker,8,8866124805fffff,4e-05
2018,1,n2o_t,General cargo ship,8,8866124809fffff,2e-05
2018,1,n2o_t,Ro-Ro vessel,8,8866124823fffff,4.1e-05
2018,1,co2_t,Bulk carrier,8,8866124825fffff,7e-06
2018,1,co2_t,Container ship,8,8866124823fffff,3e-05
2018,1,co2_t,Tanker,8,8866124809fffff,2.1e-05
2018,1,co2_t,General cargo ship,8,8866124825fffff,3.1e-05
2018,1,co2_t,Ro-Ro vessel,8,8866124827fffff,3.2e-05
2018,2,ch4_t,Bulk carrier,8,8866124805fffff,4.9e-05
2018,2,ch4_t,Container ship,8,8866124825fffff,3.4e-05
2018,2,ch4_t,Tanker,8,8866124827fffff,1.6e-05
2018,2,ch4_t,General cargo ship,8,8866124823fffff,2.4e-05
2018,2,ch4_t,Ro-Ro vessel,8,8866124807fffff,1.4e-05
2018,2,n2o_t,Bulk carrier,8,8866124809fffff,4.8e-05
2018,2,n2o_t,Container ship,8,8866124829fffff,1e-06
2018,2,n2o_t,Tanker,8,8866124807fffff,4.9e-05
2018,2,n2o_t,General cargo ship,8,8866124831fffff,4e-06
2018,2,n2o_t,Ro-Ro vessel,8,8866124805fffff,4.1e-05
2018,2,co2_t,Bulk carrier,8,8866124829fffff,2e-05
2018,2,co2_t,Container ship,8,8866124807fffff,1.9e-05
2018,2,co2_t,Tanker,8,8866124805fffff,4.4e-05
2018,2,co2_t,General cargo ship,8,8866124823fffff,4e-06
2018,2,co2_t,Ro-Ro vessel,8,8866124805fffff,4e-06
2018,3,ch4_t,Bulk carrier,8,8866124809fffff,1.6e-05
2018,3,ch4_t,Container ship,8,8866124831fffff,4.1e-05
2018,3,ch4_t,Tanker,8,8866124807fffff,4.5e-05
2018,3,ch4_t,General cargo ship,8,8866124827fffff,6e-06
2018,3,ch4_t,Ro-Ro vessel,8,8866124825fffff,2.1e-05
2018,3,n2o_t,Bulk carrier,8,8866124831fffff,1.2e-05
2018,3,n2o_t,Container ship,8,8866124829fffff,3.3e-05
2018,3,n2o_t,Tanker,8,8866124825fffff,3e-05
2018,3,n2o_t,General cargo ship,8,8866124805fffff,2.9e-05
2018,3,n2o_t,Ro-Ro vessel,8,8866124805fffff,1.2e-05
2018,3,co2_t,Bulk carrier,8,8866124829fffff,3.4e-05
2018,3,co2_t,Container ship,8,8866124827fffff,8e-06
2018,3,co2_t,Tanker,8,8866124827fffff,1.4e-05
2018,3,co2_t,General cargo ship,8,8866124823fffff,2.8e-05
2018,3,co2_t,Ro-Ro vessel,8,8866124831fffff,3.3e-05
2018,4,ch4_t,Bulk carrier,8,8866124831fffff,3.5e-05
2018,4,ch4_t,Container ship,8,8866124827fffff,1.2e-05
2018,4,ch4_t,Tanker,8,8866124805fffff,4e-06
2018,4,ch4_t,General cargo ship,8,8866124805fffff,2.8e-05
2018,4,ch4_t,Ro-Ro vessel,8,8866124827fffff,3e-05
2018,4,n2o_t,Bulk carrier,8,8866124805fffff,2.9e-05
2018,4,n2o_t,Container ship,8,8866124827fffff,3.6e-05
2018,4,n2o_t,Tanker,8,8866124829fffff,4.1e-05
2018,4,n2o_t,General cargo ship,8,8866124827fffff,4.1e-05
2018,4,n2o_t,Ro-Ro vessel,8,8866124823fffff,4e-06
2018,4,co2_t,Bulk carrier,8,8866124805fffff,2.3e-05
2018,4,co2_t,Container ship,8,8866124807fffff,4.6e-05
2018,4,co2_t,Tanker,8,8866124831fffff,3e-05
2018,4,co2_t,General cargo ship,8,8866124825fffff,2.8e-05
2018,4,co2_t,Ro-Ro vessel,8,8866124807fffff,1.6e-05
2018,5,ch4_t,Bulk carrier,8,8866124823fffff,5e-05
2018,5,ch4_t,Container ship,8,8866124807fffff,4.5e-05
2018,5,ch4_t,Tanker,8,8866124809fffff,4.7e-05
2018,5,ch4_t,General cargo ship,8,8866124823fffff,1.4e-05
2018,5,ch4_t,Ro-Ro vessel,8,8866124825fffff,4.3e-05
2018,5,n2o_t,Bulk carrier,8,8866124807fffff,4.2e-05
2018,5,n2o_t,Container ship,8,8866124823fffff,2.5e-05
2018,5,n2o_t,Tanker,8,8866124831fffff,2e-06
2018,5,n2o_t,General cargo ship,8,8866124809fffff,3.4e-05
2018,5,n2o_t,Ro-Ro vessel,8,8866124829fffff,4e-06
2018,5,co2_t,Bulk carrier,8,8866124827fffff,2.5e-05
2018,5,co2_t,Container ship,8,8866124823fffff,9e-06
2018,5,co2_t,Tanker,8,8866124829fffff,3e-05
2018,5,co2_t,General cargo ship,8,8866124823fffff,2e-05
2018,5,co2_t,Ro-Ro vessel,8,8866124831fffff,4.5e-05
2018,6,ch4_t,Bulk carrier,8,8866124807fffff,3.1e-05
2018,6,ch4_t,Container ship,8,8866124829fffff,1.6e-05
2018,6,ch4_t,Tanker,8,8866124823fffff,1.2e-05
2018,6,ch4_t,General cargo ship,8,8866124807fffff,2.2e-05
2018,6,ch4_t,Ro-Ro vessel,8,8866124831fffff,1.1e-05
2018,6,n2o_t,Bulk carrier,8,8866124805fffff,2.4e-05
2018,6,n2o_t,Container ship,8,8866124807fffff,2.3e-05
2018,6,n2o_t,Tanker,8,8866124831fffff,3.1e-05
2018,6,n2o_t,General cargo ship,8,8866124825fffff,8e-06
2018,6,n2o_t,Ro-Ro vessel,8,8866124827fffff,2.2e-05
2018,6,co2_t,Bulk carrier,8,8866124807fffff,3.4e-05
2018,6,co2_t,Container ship,8,8866124831fffff,3.2e-05
2018,6,co2_t,Tanker,8,8866124823fffff,1.1e-05
2018,6,co2_t,General cargo ship,8,8866124807fffff,3.9e-05
2018,6,co2_t,Ro-Ro vessel,8,8866124831fffff,4.1e-05
2018,7,ch4_t,Bulk carrier,8,8866124825fffff,1.7e-05
2018,7,ch4_t,Container ship,8,8866124827fffff,1e-05
2018,7,ch4_t,Tanker,8,8866124805fffff,1.1e-05
2018,7,ch4_t,General cargo ship,8,8866124827fffff,2e-06
2018,7,ch4_t,Ro-Ro vessel,8,8866124825fffff,4e-05
2018,7,n2o_t,Bulk carrier,8,8866124823fffff,2.6e-05
2018,7,n2o_t,Container ship,8,8866124825fffff,3.1e-05
2018,7,n2o_t,Tanker,8,8866124829fffff,8e-06
2018,7,n2o_t,General cargo ship,8,8866124823fffff,4.5e-05
2018,7,n2o_t,Ro-Ro vessel,8,8866124805fffff,4.9e-05
2018,7,co2_t,Bulk carrier,8,8866124807fffff,3.5e-05
2018,7,co2_t,Container ship,8,8866124825fffff,2.6e-05
2018,7,co2_t,Tanker,8,8866124831fffff,3e-05
2018,7,co2_t,General cargo ship,8,8866124829fffff,7e-06
2018,7,co2_t,Ro-Ro vessel,8,8866124831fffff,3.8e-05
2018,8,ch4_t,Bulk carrier,8,8866124809fffff,1.4e-05
2018,8,ch4_t,Container ship,8,8866124831fffff,1.2e-05
2018,8,ch4_t,Tanker,8,8866124829fffff,4.5e-05
2018,8,ch4_t,General cargo ship,8,8866124827fffff,4e-06
2018,8,ch4_t,Ro-Ro vessel,8,8866124827fffff,4.7e-05
2018,8,n2o_t,Bulk carrier,8,8866124829fffff,1.6e-05
2018,8,n2o_t,Container ship,8,8866124829fffff,4.8e-05
2018,8,n2o_t,Tanker,8,8866124807fffff,3.6e-05
2018,8,n2o_t,General cargo ship,8,8866124809fffff,2.3e-05
2018,8,n2o_t,Ro-Ro vessel,8,8866124823fffff,4.9e-05
2018,8,co2_t,Bulk carrier,8,8866124831fffff,1.4e-05
2018,8,co2_t,Container ship,8,8866124829fffff,2.6e-05
2018,8,co2_t,Tanker,8,8866124805fffff,1.3e-05
2018,8,co2_t,General cargo ship,8,8866124829fffff,5e-06
2018,8,co2_t,Ro-Ro vessel,8,8866124805fffff,1.1e-05
2018,9,ch4_t,Bulk carrier,8,8866124807fffff,1.6e-05
2018,9,ch4_t,Container ship,8,8866124809fffff,2e-05
2018,9,ch4_t,Tanker,8,8866124805fffff,4.9e-05
2018,9,ch4_t,General cargo ship,8,8866124809fffff,7e-06
2018,9,ch4_t,Ro-Ro vessel,8,8866124827fffff,3.5e-05
2018,9,n2o_t,Bulk carrier,8,8866124809fffff,2.7e-05
2018,9,n2o_t,Container ship,8,8866124829fffff,3.8e-05
2018,9,n2o_t,Tanker,8,8866124807fffff,2e-05
2018,9,n2o_t,General cargo ship,8,8866124805fffff,4e-06
2018,9,n2o_t,Ro-Ro vessel,8,8866124827fffff,3.3e-05
2018,9,co2_t,Bulk carrier,8,8866124827fffff,4.7e-05
2018,9,co2_t,Container ship,8,8866124825fffff,3e-06
2018,9,co2_t,Tanker,8,8866124805fffff,3.8e-05
2018,9,co2_t,General cargo ship,8,8866124825fffff,3e-06
2018,9,co2_t,Ro-Ro vessel,8,8866124807fffff,3e-05
2018,10,ch4_t,Bulk carrier,8,8866124827fffff,4.8e-05
2018,10,ch4_t,Container ship,8,8866124825fffff,6e-06
2018,10,ch4_t,Tanker,8,8866124809fffff,2.9e-05
2018,10,ch4_t,General cargo ship,8,8866124825fffff,3.9e-05
2018,10,ch4_t,Ro-Ro vessel,8,8866124823fffff,2.1e-05
2018,10,n2o_t,Bulk carrier,8,8866124809fffff,3e-06
2018,10,n2o_t,Container ship,8,8866124827fffff,4.2e-05
2018,10,n2o_t,Tanker,8,8866124807fffff,3.1e-05
2018,10,n2o_t,General cargo ship,8,8866124823fffff,1.9e-05
2018,10,n2o_t,Ro-Ro vessel,8,8866124823fffff,3.8e-05
2018,10,co2_t,Bulk carrier,8,8866124827fffff,7e-06
2018,10,co2_t,Container ship,8,8866124809fffff,3.1e-05
2018,10,co2_t,Tanker,8,8866124809fffff,6e-06
2018,10,co2_t,General cargo ship,8,8866124831fffff,3e-06
2018,10,co2_t,Ro-Ro vessel,8,8866124825fffff,9e-06
2018,11,ch4_t,Bulk carrier,8,8866124809fffff,1.5e-05
2018,11,ch4_t,Container ship,8,8866124829fffff,4e-06
2018,11,ch4_t,Tanker,8,8866124827fffff,1.9e-05
2018,11,ch4_t,General cargo ship,8,8866124827fffff,2.8e-05
2018,11,ch4_t,Ro-Ro vessel,8,8866124831fffff,2.4e-05
2018,11,n2o_t,Bulk carrier,8,8866124831fffff,2.4e-05
2018,11,n2o_t,Container ship,8,8866124805fffff,2e-05
2018,11,n2o_t,Tanker,8,8866124823fffff,2.7e-05
2018,11,n2o_t,General cargo ship,8,8866124809fffff,2.1e-05
2018,11,n2o_t,Ro-Ro vessel,8,8866124825fffff,4e-06
2018,11,co2_t,Bulk carrier,8,8866124829fffff,9e-06
2018,11,co2_t,Container ship,8,8866124807fffff,2e-06
2018,11,co2_t,Tanker,8,8866124825fffff,3.4e-05
2018,11,co2_t,General cargo ship,8,8866124823fffff,3e-05
2018,11,co2_t,Ro-Ro vessel,8,8866124829fffff,2.9e-05
2018,12,ch4_t,Bulk carrier,8,8866124829fffff,2.6e-05
2018,12,ch4_t,Container ship,8,8866124807fffff,1.5e-05
2018,12,ch4_t,Tanker,8,8866124809fffff,3.4e-05
2018,12,ch4_t,General cargo ship,8,8866124829fffff,3e-05
2018,12,ch4_t,Ro-Ro vessel,8,8866124829fffff,2.2e-05
2018,12,n2o_t,Bulk carrier,8,8866124829fffff,1.9e-05
2018,12,n2o_t,Container ship,8,8866124823fffff,2e-06
2018,12,n2o_t,Tanker,8,8866124809fffff,1.8e-05
2018,12,n2o_t,General cargo ship,8,8866124805fffff,1.9e-05
2018,12,n2o_t,Ro-Ro vessel,8,8866124827fffff,7e-06
2018,12,co2_t,Bulk carrier,8,8866124825fffff,1.5e-05
2018,12,co2_t,Container ship,8,8866124807fffff,3.2e-05
2018,12,co2_t,Tanker,8,8866124829fffff,4.8e-05
2018,12,co2_t,General cargo ship,8,8866124809fffff,1.3e-05
2018,12,co2_t,Ro-Ro vessel,8,8866124829fffff,1.7e-05
2019,1,ch4_t,Bulk carrier,8,8866124823fffff,3.1e-05
2019,1,ch4_t,Container ship,8,8866124805fffff,2.4e-05
2019,1,ch4_t,Tanker,8,8866124823fffff,1.1e-05
2019,1,ch4_t,General cargo ship,8,8866124827fffff,2e-06
2019,1,ch4_t,Ro-Ro vessel,8,8866124805fffff,1.8e-05
2019,1,n2o_t,Bulk carrier,8,8866124809fffff,2.1e-05
2019,1,n2o_t,Container ship,8,8866124827fffff,1.7e-05
2019,1,n2o_t,Tanker,8,8866124805fffff,4.3e-05
2019,1,n2o_t,General cargo ship,8,8866124805fffff,8e-06
2019,1,n2o_t,Ro-Ro vessel,8,8866124807fffff,2.9e-05
2019,1,co2_t,Bulk carrier,8,8866124807fffff,1.7e-05
2019,1,co2_t,Container ship,8,8866124825fffff,8e-06
2019,1,co2_t,Tanker,8,8866124809fffff,4.5e-05
2019,1,co2_t,General cargo ship,8,8866124823fffff,4.7e-05
2019,1,co2_t,Ro-Ro vessel,8,8866124809fffff,4.3e-05
2019,2,ch4_t,Bulk carrier,8,8866124809fffff,3.9e-05
2019,2,ch4_t,Container ship,8,8866124831fffff,6e-06
2019,2,ch4_t,Tanker,8,8866124831fffff,3.2e-05
2019,2,ch4_t,General cargo ship,8,8866124807fffff,3.9e-05
2019,2,ch4_t,Ro-Ro vessel,8,8866124823fffff,4.1e-05
2019,2,n2o_t,Bulk carrier,8,8866124827fffff,3e-06
2019,2,n2o_t,Container ship,8,8866124823fffff,1.5e-05
2019,2,n2o_t,Tanker,8,8866124805fffff,4.8e-05
2019,2,n2o_t,General cargo ship,8,8866124825fffff,3.4e-05
2019,2,n2o_t,Ro-Ro vessel,8,8866124809fffff,2.5e-05
2019,2,co2_t,Bulk carrier,8,8866124831fffff,4.1e-05
2019,2,co2_t,Container ship,8,8866124805fffff,4.1e-05
2019,2,co2_t,Tanker,8,8866124829fffff,1e-05
2019,2,co2_t,General cargo ship,8,8866124807fffff,2.8e-05
2019,2,co2_t,Ro-Ro vessel,8,8866124823fffff,2.5e-05
2019,3,ch4_t,Bulk carrier,8,8866124823fffff,4.7e-05
2019,3,ch4_t,Container ship,8,8866124827fffff,9e-06
2019,3,ch4_t,Tanker,8,8866124823fffff,1.9e-05
2019,3,ch4_t,General cargo ship,8,8866124805fffff,4.6e-05
2019,3,ch4_t,Ro-Ro vessel,8,8866124807fffff,3.5e-05
2019,3,n2o_t,Bulk carrier,8,8866124809fffff,1e-05
2019,3,n2o_t,Container ship,8,8866124805fffff,1.3e-05
2019,3,n2o_t,Tanker,8,8866124825fffff,1.7e-05
2019,3,n2o_t,General cargo ship,8,8866124809fffff,4.2e-05
2019,3,n2o_t,Ro-Ro vessel,8,8866124809fffff,3.5e-05
2019,3,co2_t,Bulk carrier,8,8866124809fffff,1.7e-05
2019,3,co2_t,Container ship,8,8866124807fffff,1.2e-05
2019,3,co2_t,Tanker,8,8866124823fffff,2e-06
2019,3,co2_t,General cargo ship,8,8866124827fffff,1e-05
2019,3,co2_t,Ro-Ro vessel,8,8866124825fffff,2e-05
2019,4,ch4_t,Bulk carrier,8,8866124805fffff,2.7e-05
2019,4,ch4_t,Container ship,8,8866124805fffff,2.1e-05
2019,4,ch4_t,Tanker,8,8866124825fffff,2.3e-05
2019,4,ch4_t,General cargo ship,8,8866124823fffff,3.4e-05
2019,4,ch4_t,Ro-Ro vessel,8,8866124827fffff,2e-05
2019,4,n2o_t,Bulk carrier,8,8866124807fffff,3e-06
2019,4,n2o_t,Container ship,8,8866124825fffff,4.4e-05
2019,4,n2o_t,Tanker,8,8866124825fffff,2.5e-05
2019,4,n2o_t,General cargo ship,8,8866124823fffff,2.7e-05
2019,4,n2o_t,Ro-Ro vessel,8,8866124827fffff,3e-06
2019,4,co2_t,Bulk carrier,8,8866124829fffff,1e-05
2019,4,co2_t,Container ship,8,8866124809fffff,1.9e-05
2019,4,co2_t,Tanker,8,8866124809fffff,2.3e-05
2019,4,co2_t,General cargo ship,8,8866124825fffff,2.3e-05
2019,4,co2_t,Ro-Ro vessel,8,8866124831fffff,3e-05
2019,5,ch4_t,Bulk carrier,8,8866124829fffff,1.1e-05
2019,5,ch4_t,Container ship,8,8866124831fffff,2.9e-05
2019,5,ch4_t,Tanker,8,8866124825fffff,4.9e-05
2019,5,ch4_t,General cargo ship,8,8866124823fffff,7e-06
2019,5,ch4_t,Ro-Ro vessel,8,8866124825fffff,2.8e-05
2019,5,n2o_t,Bulk carrier,8,8866124805fffff,2.8e-05
2019,5,n2o_t,Container ship,8,8866124809fffff,3.2e-05
2019,5,n2o_t,Tanker,8,8866124809fffff,2.3e-05
2019,5,n2o_t,General cargo ship,8,8866124809fffff,3.9e-05
2019,5,n2o_t,Ro-Ro vessel,8,8866124831fffff,1.9e-05
2019,5,co2_t,Bulk carrier,8,8866124825fffff,3.7e-05
2019,5,co2_t,Container ship,8,8866124829fffff,2e-05
2019,5,co2_t,Tanker,8,8866124825fffff,1.5e-05
2019,5,co2_t,General cargo ship,8,8866124805fffff,3.9e-05
2019,5,co2_t,Ro-Ro vessel,8,8866124831fffff,7e-06
2019,6,ch4_t,Bulk carrier,8,8866124829fffff,2.5e-05
2019,6,ch4_t,Container ship,8,8866124809fffff,3.6e-05
2019,6,ch4_t,Tanker,8,8866124809fffff,8e-06
2019,6,ch4_t,General cargo ship,8,8866124809fffff,3.9e-05
2019,6,ch4_t,Ro-Ro vessel,8,8866124805fffff,1.4e-05
2019,6,n2o_t,Bulk carrier,8,8866124827fffff,1.3e-05
2019,6,n2o_t,Container ship,8,8866124805fffff,3.3e-05
2019,6,n2o_t,Tanker,8,8866124831fffff,1.1e-05
2019,6,n2o_t,General cargo ship,8,8866124807fffff,4.3e-05
2019,6,n2o_t,Ro-Ro vessel,8,8866124827fffff,4.9e-05
2019,6,co2_t,Bulk carrier,8,8866124827fffff,4.9e-05
2019,6,co2_t,Container ship,8,8866124829fffff,2.7e-05
2019,6,co2_t,Tanker,8,8866124805fffff,1.2e-05
2019,6,co2_t,General cargo ship,8,8866124829fffff,2.2e-05
2019,6,co2_t,Ro-Ro vessel,8,8866124827fffff,1.7e-05
2019,7,ch4_t,Bulk carrier,8,8866124831fffff,4.3e-05
2019,7,ch4_t,Container ship,8,8866124825fffff,1.3e-05
2019,7,ch4_t,Tanker,8,8866124825fffff,8e-06
2019,7,ch4_t,General cargo ship,8,8866124805fffff,4.3e-05
2019,7,ch4_t,Ro-Ro vessel,8,8866124827fffff,2e-06
2019,7,n2o_t,Bulk carrier,8,8866124827fffff,4.6e-05
2019,7,n2o_t,Container ship,8,8866124827fffff,4.3e-05
2019,7,n2o_t,Tanker,8,8866124827fffff,4.1e-05
2019,7,n2o_t,General cargo ship,8,8866124831fffff,2.5e-05
2019,7,n2o_t,Ro-Ro vessel,8,8866124809fffff,4.3e-05
2019,7,co2_t,Bulk carrier,8,8866124809fffff,1.1e-05
2019,7,co2_t,Container ship,8,8866124831fffff,2.6e-05
2019,7,co2_t,Tanker,8,8866124827fffff,1.7e-05
2019,7,co2_t,General cargo ship,8,8866124809fffff,3.3e-05
2019,7,co2_t,Ro-Ro vessel,8,8866124807fffff,3.3e-05
2019,8,ch4_t,Bulk carrier,8,8866124829fffff,2.9e-05
2019,8,ch4_t,Container ship,8,8866124809fffff,2.8e-05
2019,8,ch4_t,Tanker,8,8866124823fffff,2.7e-05
2019,8,ch4_t,General cargo ship,8,8866124807fffff,1.4e-05
2019,8,ch4_t,Ro-Ro vessel,8,8866124809fffff,2e-06
2019,8,n2o_t,Bulk carrier,8,8866124805fffff,3.9e-05
2019,8,n2o_t,Container ship,8,8866124807fffff,3.4e-05
2019,8,n2o_t,Tanker,8,8866124823fffff,2.4e-05
2019,8,n2o_t,General cargo ship,8,8866124831fffff,4.5e-05
2019,8,n2o_t,Ro-Ro vessel,8,8866124809fffff,1.4e-05
2019,8,co2_t,Bulk carrier,8,8866124827fffff,2.3e-05
2019,8,co2_t,Container ship,8,8866124805fffff,4.3e-05
2019,8,co2_t,Tanker,8,8866124829fffff,1e-05
2019,8,co2_t,General cargo ship,8,8866124825fffff,4.6e-05
2019,8,co2_t,Ro-Ro vessel,8,8866124823fffff,3.9e-05
2019,9,ch4_t,Bulk carrier,8,8866124807fffff,3e-06
2019,9,ch4_t,Container ship,8,8866124827fffff,4e-06
2019,9,ch4_t,Tanker,8,8866124827fffff,1.3e-05
2019,9,ch4_t,General cargo ship,8,8866124805fffff,1.7e-05
2019,9,ch4_t,Ro-Ro vessel,8,8866124823fffff,1.9e-05
2019,9,n2o_t,Bulk carrier,8,8866124829fffff,4.3e-05
2019,9,n2o_t,Container ship,8,8866124831fffff,1.4e-05
2019,9,n2o_t,Tanker,8,8866124809fffff,2.6e-05
2019,9,n2o_t,General cargo ship,8,8866124807fffff,4.7e-05
2019,9,n2o_t,Ro-Ro vessel,8,8866124827fffff,3.3e-05
2019,9,co2_t,Bulk carrier,8,8866124829fffff,3.3e-05
2019,9,co2_t,Container ship,8,8866124829fffff,2.9e-05
2019,9,co2_t,Tanker,8,8866124827fffff,9e-06
2019,9,co2_t,General cargo ship,8,8866124825fffff,3e-06
2019,9,co2_t,Ro-Ro vessel,8,8866124823fffff,3.7e-05
2019,10,ch4_t,Bulk carrier,8,8866124827fffff,2.9e-05
2019,10,ch4_t,Container ship,8,8866124827fffff,4e-05
2019,10,ch4_t,Tanker,8,8866124807fffff,1.4e-05
2019,10,ch4_t,General cargo ship,8,8866124805fffff,5e-06
2019,10,ch4_t,Ro-Ro vessel,8,8866124809fffff,5e-06
2019,10,n2o_t,Bulk carrier,8,8866124827fffff,3.1e-05
2019,10,n2o_t,Container ship,8,8866124805fffff,1.5e-05
2019,10,n2o_t,Tanker,8,8866124807fffff,6e-06
2019,10,n2o_t,General cargo ship,8,8866124823fffff,4.7e-05
2019,10,n2o_t,Ro-Ro vessel,8,8866124825fffff,4.6e-05
2019,10,co2_t,Bulk carrier,8,8866124805fffff,2.5e-05
2019,10,co2_t,Container ship,8,8866124809fffff,2.9e-05
2019,10,co2_t,Tanker,8,8866124829fffff,2.3e-05
2019,10,co2_t,General cargo ship,8,8866124823fffff,3.8e-05
2019,10,co2_t,Ro-Ro vessel,8,8866124807fffff,5e-06
2019,11,ch4_t,Bulk carrier,8,8866124831fffff,2.4e-05
2019,11,ch4_t,Container ship,8,8866124831fffff,4e-06
2019,11,ch4_t,Tanker,8,8866124831fffff,3.7e-05
2019,11,ch4_t,General cargo ship,8,8866124827fffff,1.7e-05
2019,11,ch4_t,Ro-Ro vessel,8,8866124827fffff,4.8e-05
2019,11,n2o_t,Bulk carrier,8,8866124823fffff,1.6e-05
2019,11,n2o_t,Container ship,8,8866124827fffff,2.9e-05
2019,11,n2o_t,Tanker,8,8866124823fffff,1.9e-05
2019,11,n2o_t,General cargo ship,8,8866124825fffff,3.8e-05
2019,11,n2o_t,Ro-Ro vessel,8,8866124823fffff,1.3e-05
2019,11,co2_t,Bulk carrier,8,8866124831fffff,1.8e-05
2019,11,co2_t,Container ship,8,8866124825fffff,6e-06
2019,11,co2_t,Tanker,8,8866124827fffff,8e-06
2019,11,co2_t,General cargo ship,8,8866124805fffff,3.8e-05
2019,11,co2_t,Ro-Ro vessel,8,8866124831fffff,4.9e-05
2019,12,ch4_t,Bulk carrier,8,8866124807fffff,9e-06
2019,12,ch4_t,Container ship,8,8866124805fffff,4.4e-05
2019,12,ch4_t,Tanker,8,8866124807fffff,2.3e-05
2019,12,ch4_t,General cargo ship,8,8866124809fffff,1.9e-05
2019,12,ch4_t,Ro-Ro vessel,8,8866124809fffff,4.7e-05
2019,12,n2o_t,Bulk carrier,8,8866124829fffff,4.3e-05
2019,12,n2o_t,Container ship,8,8866124807fffff,4e-06
2019,12,n2o_t,Tanker,8,8866124805fffff,1.8e-05
2019,12,n2o_t,General cargo ship,8,8866124823fffff,4.5e-05
2019,12,n2o_t,Ro-Ro vessel,8,8866124823fffff,4.6e-05
2019,12,co2_t,Bulk carrier,8,8866124823fffff,4.7e-05
2019,12,co2_t,Container ship,8,8866124809fffff,1.3e-05
2019,12,co2_t,Tanker,8,8866124825fffff,3.7e-05
2019,12,co2_t,General cargo ship,8,8866124809fffff,4.1e-05
2019,12,co2_t,Ro-Ro vessel,8,8866124831fffff,3e-05
2020,1,ch4_t,Bulk carrier,8,8866124827fffff,3.7e-05
2020,1,ch4_t,Container ship,8,8866124823fffff,2.7e-05
2020,1,ch4_t,Tanker,8,8866124807fffff,4.7e-05
2020,1,ch4_t,General cargo ship,8,8866124831fffff,3.5e-05
2020,1,ch4_t,Ro-Ro vessel,8,8866124809fffff,7e-06
2020,1,n2o_t,Bulk carrier,8,8866124825fffff,2.9e-05
2020,1,n2o_t,Container ship,8,8866124827fffff,4.4e-05
2020,1,n2o_t,Tanker,8,8866124827fffff,7e-06
2020,1,n2o_t,General cargo ship,8,8866124827fffff,4.9e-05
2020,1,n2o_t,Ro-Ro vessel,8,8866124809fffff,4.3e-05
2020,1,co2_t,Bulk carrier,8,8866124825fffff,9e-06
2020,1,co2_t,Container ship,8,8866124809fffff,1.4e-05
2020,1,co2_t,Tanker,8,8866124825fffff,2e-06
2020,1,co2_t,General cargo ship,8,8866124825fffff,1e-06
2020,1,co2_t,Ro-Ro vessel,8,8866124805fffff,1e-05
2020,2,ch4_t,Bulk carrier,8,8866124805fffff,4.4e-05
2020,2,ch4_t,Container ship,8,8866124823fffff,3.8e-05
2020,2,ch4_t,Tanker,8,8866124827fffff,2.6e-05
2020,2,ch4_t,General cargo ship,8,8866124827fffff,4.3e-05
2020,2,ch4_t,Ro-Ro vessel,8,8866124825fffff,7e-06
2020,2,n2o_t,Bulk carrier,8,8866124825fffff,2.2e-05
2020,2,n2o_t,Container ship,8,8866124831fffff,2e-05
2020,2,n2o_t,Tanker,8,8866124825fffff,4.5e-05
2020,2,n2o_t,General cargo ship,8,8866124823fffff,1.9e-05
2020,2,n2o_t,Ro-Ro vessel,8,8866124807fffff,3.1e-05
2020,2,co2_t,Bulk carrier,8,8866124809fffff,4.7e-05
2020,2,co2_t,Container ship,8,8866124825fffff,4.4e-05
2020,2,co2_t,Tanker,8,8866124831fffff,3.8e-05
2020,2,co2_t,General cargo ship,8,8866124827fffff,1.6e-05
2020,2,co2_t,Ro-Ro vessel,8,8866124825fffff,1.2e-05
2020,3,ch4_t,Bulk carrier,8,8866124807fffff,4.1e-05
2020,3,ch4_t,Container ship,8,8866124805fffff,2.6e-05
2020,3,ch4_t,Tanker,8,8866124823fffff,7e-06
2020,3,ch4_t,General cargo ship,8,8866124807fffff,2.4e-05
2020,3,ch4_t,Ro-Ro vessel,8,8866124831fffff,2.6e-05
2020,3,n2o_t,Bulk carrier,8,8866124807fffff,4.7e-05
2020,3,n2o_t,Container ship,8,8866124829fffff,4.2e-05
2020,3,n2o_t,Tanker,8,8866124825fffff,1.5e-05
2020,3,n2o_t,General cargo ship,8,8866124825fffff,1.4e-05
2020,3,n2o_t,Ro-Ro vessel,8,8866124823fffff,3.6e-05
2020,3,co2_t,Bulk carrier,8,8866124829fffff,4.5e-05
2020,3,co2_t,Container ship,8,8866124827fffff,1e-06
2020,3,co2_t,Tanker,8,8866124805fffff,4.7e-05
2020,3,co2_t,General cargo ship,8,8866124829fffff,2.7e-05
2020,3,co2_t,Ro-Ro vessel,8,8866124825fffff,3.1e-05
2020,4,ch4_t,Bulk carrier,8,8866124807fffff,3.1e-05
2020,4,ch4_t,Container ship,8,8866124825fffff,6e-06
2020,4,ch4_t,Tanker,8,8866124825fffff,4.3e-05
2020,4,ch4_t,General cargo ship,8,8866124805fffff,2.4e-05
2020,4,ch4_t,Ro-Ro vessel,8,8866124809fffff,4.6e-05
2020,4,n2o_t,Bulk carrier,8,8866124823fffff,9e-06
2020,4,n2o_t,Container ship,8,8866124805fffff,1.6e-05
2020,4,n2o_t,Tanker,8,8866124829fffff,4.9e-05
2020,4,n2o_t,General cargo ship,8,8866124823fffff,4.2e-05
2020,4,n2o_t,Ro-Ro vessel,8,8866124831fffff,3e-05
2020,4,co2_t,Bulk carrier,8,8866124805fffff,1e-06
2020,4,co2_t,Container ship,8,8866124825fffff,2.8e-05
2020,4,co2_t,Tanker,8,8866124807fffff,3.7e-05
2020,4,co2_t,General cargo ship,8,8866124807fffff,9e-06
2020,4,co2_t,Ro-Ro vessel,8,8866124807fffff,3.3e-05
2020,5,ch4_t,Bulk carrier,8,8866124827fffff,1.5e-05
2020,5,ch4_t,Container ship,8,8866124823fffff,1e-05
2020,5,ch4_t,Tanker,8,8866124805fffff,4.5e-05
2020,5,ch4_t,General cargo ship,8,8866124825fffff,2.7e-05
2020,5,ch4_t,Ro-Ro vessel,8,8866124827fffff,3.1e-05
2020,5,n2o_t,Bulk carrier,8,8866124831fffff,3.6e-05
2020,5,n2o_t,Container ship,8,8866124827fffff,4.1e-05
2020,5,n2o_t,Tanker,8,8866124805fffff,3.4e-05
2020,5,n2o_t,General cargo ship,8,8866124809fffff,4.6e-05
2020,5,n2o_t,Ro-Ro vessel,8,8866124827fffff,1e-05
2020,5,co2_t,Bulk carrier,8,8866124823fffff,3.9e-05
2020,5,co2_t,Container ship,8,8866124823fffff,1.4e-05
2020,5,co2_t,Tanker,8,8866124831fffff,3.5e-05
2020,5,co2_t,General cargo ship,8,8866124809fffff,3.6e-05
2020,5,co2_t,Ro-Ro vessel,8,8866124807fffff,5e-05
2020,6,ch4_t,Bulk carrier,8,8866124805fffff,2.7e-05
2020,6,ch4_t,Container ship,8,8866124827fffff,4.5e-05
2020,6,ch4_t,Tanker,8,8866124805fffff,2.2e-05
2020,6,ch4_t,General cargo ship,8,8866124809fffff,3.1e-05
2020,6,ch4_t,Ro-Ro vessel,8,8866124825fffff,2.3e-05
2020,6,n2o_t,Bulk carrier,8,8866124809fffff,1.7e-05
2020,6,n2o_t,Container ship,8,8866124805fffff,2.6e-05
2020,6,n2o_t,Tanker,8,8866124809fffff,2.9e-05
2020,6,n2o_t,General cargo ship,8,8866124823fffff,3e-05
2020,6,n2o_t,Ro-Ro vessel,8,8866124805fffff,1e-05
2020,6,co2_t,Bulk carrier,8,8866124823fffff,6e-06
2020,6,co2_t,Container ship,8,8866124825fffff,4e-06
2020,6,co2_t,Tanker,8,8866124805fffff,1.5e-05
2020,6,co2_t,General cargo ship,8,8866124807fffff,9e-06
2020,6,co2_t,Ro-Ro vessel,8,8866124825fffff,4.5e-05
2020,7,ch4_t,Bulk carrier,8,8866124807fffff,3e-06
2020,7,ch4_t,Container ship,8,8866124809fffff,2.6e-05
2020,7,ch4_t,Tanker,8,8866124831fffff,9e-06
2020,7,ch4_t,General cargo ship,8,8866124829fffff,3.2e-05
2020,7,ch4_t,Ro-Ro vessel,8,8866124825fffff,1.2e-05
2020,7,n2o_t,Bulk carrier,8,8866124827fffff,1.3e-05
2020,7,n2o_t,Container ship,8,8866124809fffff,4.7e-05
2020,7,n2o_t,Tanker,8,8866124831fffff,4.6e-05
2020,7,n2o_t,General cargo ship,8,8866124823fffff,2.4e-05
2020,7,n2o_t,Ro-Ro vessel,8,8866124807fffff,2.4e-05
2020,7,co2_t,Bulk carrier,8,8866124807fffff,1e-06
2020,7,co2_t,Container ship,8,8866124825fffff,2.2e-05
2020,7,co2_t,Tanker,8,8866124823fffff,3.7e-05
2020,7,co2_t,General cargo ship,8,8866124807fffff,4e-05
2020,7,co2_t,Ro-Ro vessel,8,8866124805fffff,4.6e-05
2020,8,ch4_t,Bulk carrier,8,8866124805fffff,1.1e-05
2020,8,ch4_t,Container ship,8,8866124831fffff,2e-05
2020,8,ch4_t,Tanker,8,8866124825fffff,1.6e-05
2020,8,ch4_t,General cargo ship,8,8866124831fffff,3e-05
2020,8,ch4_t,Ro-Ro vessel,8,8866124831fffff,1e-06
2020,8,n2o_t,Bulk carrier,8,8866124827fffff,1.1e-05
2020,8,n2o_t,Container ship,8,8866124829fffff,4e-06
2020,8,n2o_t,Tanker,8,8866124827fffff,9e-06
2020,8,n2o_t,General cargo ship,8,8866124831fffff,1.2e-05
2020,8,n2o_t,Ro-Ro vessel,8,8866124805fffff,5e-05
2020,8,co2_t,Bulk carrier,8,8866124823fffff,3.4e-05
2020,8,co2_t,Container ship,8,8866124825fffff,3e-05
2020,8,co2_t,Tanker,8,8866124829fffff,4.2e-05
2020,8,co2_t,General cargo ship,8,8866124831fffff,4.3e-05
2020,8,co2_t,Ro-Ro vessel,8,8866124807fffff,4e-05
2020,9,ch4_t,Bulk carrier,8,8866124807fffff,9e-06
2020,9,ch4_t,Container ship,8,8866124831fffff,4.6e-05
2020,9,ch4_t,Tanker,8,8866124807fffff,8e-06
2020,9,ch4_t,General cargo ship,8,8866124825fffff,3.7e-05
2020,9,ch4_t,Ro-Ro vessel,8,8866124825fffff,4.1e-05
2020,9,n2o_t,Bulk carrier,8,8866124805fffff,2e-06
2020,9,n2o_t,Container ship,8,8866124829fffff,1.2e-05
2020,9,n2o_t,Tanker,8,8866124807fffff,2.5e-05
2020,9,n2o_t,General cargo ship,8,8866124823fffff,3.9e-05
2020,9,n2o_t,Ro-Ro vessel,8,8866124809fffff,3.2e-05
2020,9,co2_t,Bulk carrier,8,8866124827fffff,3e-05
2020,9,co2_t,Container ship,8,8866124827fffff,4.3e-05
2020,9,co2_t,Tanker,8,8866124831fffff,7e-06
2020,9,co2_t,General cargo ship,8,8866124827fffff,9e-06
2020,9,co2_t,Ro-Ro vessel,8,8866124807fffff,2.3e-05
2020,10,ch4_t,Bulk carrier,8,8866124827fffff,1.8e-05
2020,10,ch4_t,Container ship,8,8866124805fffff,3.1e-05
2020,10,ch4_t,Tanker,8,8866124823fffff,2.3e-05
2020,10,ch4_t,General cargo ship,8,8866124823fffff,7e-06
2020,10,ch4_t,Ro-Ro vessel,8,8866124805fffff,3.4e-05
2020,10,n2o_t,Bulk carrier,8,8866124807fffff,5e-06
2020,10,n2o_t,Container ship,8,8866124807fffff,4.4e-05
2020,10,n2o_t,Tanker,8,8866124807fffff,2.8e-05
2020,10,n2o_t,General cargo ship,8,8866124809fffff,2.6e-05
2020,10,n2o_t,Ro-Ro vessel,8,8866124809fffff,3.2e-05
2020,10,co2_t,Bulk carrier,8,8866124805fffff,1e-06
2020,10,co2_t,Container ship,8,8866124827fffff,6e-06
2020,10,co2_t,Tanker,8,8866124829fffff,4.8e-05
2020,10,co2_t,General cargo ship,8,8866124809fffff,4.8e-05
2020,10,co2_t,Ro-Ro vessel,8,8866124809fffff,1.4e-05
2020,11,ch4_t,Bulk carrier,8,8866124825fffff,3.7e-05
2020,11,ch4_t,Container ship,8,8866124805fffff,1.2e-05
2020,11,ch4_t,Tanker,8,8866124831fffff,4.1e-05
2020,11,ch4_t,General cargo ship,8,8866124827fffff,3.4e-05
2020,11,ch4_t,Ro-Ro vessel,8,8866124805fffff,8e-06
2020,11,n2o_t,Bulk carrier,8,8866124829fffff,7e-06
2020,11,n2o_t,Container ship,8,8866124809fffff,4.2e-05
2020,11,n2o_t,Tanker,8,8866124829fffff,1.8e-05
2020,11,n2o_t,General cargo ship,8,8866124825fffff,1.6e-05
2020,11,n2o_t,Ro-Ro vessel,8,8866124831fffff,3.4e-05
2020,11,co2_t,Bulk carrier,8,8866124827fffff,1.5e-05
2020,11,co2_t,Container ship,8,8866124825fffff,4.5e-05
2020,11,co2_t,Tanker,8,8866124805fffff,1.8e-05
2020,11,co2_t,General cargo ship,8,8866124825fffff,3e-06
2020,11,co2_t,Ro-Ro vessel,8,8866124809fffff,2e-06
2020,12,ch4_t,Bulk carrier,8,8866124827fffff,3.9e-05
2020,12,ch4_t,Container ship,8,8866124825fffff,2.4e-05
2020,12,ch4_t,Tanker,8,8866124805fffff,2.9e-05
2020,12,ch4_t,General cargo ship,8,8866124823fffff,4.1e-05
2020,12,ch4_t,Ro-Ro vessel,8,8866124823fffff,7e-06
2020,12,n2o_t,Bulk carrier,8,8866124805fffff,3.7e-05
2020,12,n2o_t,Container ship,8,8866124807fffff,1.9e-05
2020,12,n2o_t,Tanker,8,8866124807fffff,2e-06
2020,12,n2o_t,General cargo ship,8,8866124827fffff,3e-06
2020,12,n2o_t,Ro-Ro vessel,8,8866124827fffff,4.7e-05
2020,12,co2_t,Bulk carrier,8,8866124829fffff,3e-05
2020,12,co2_t,Container ship,8,8866124827fffff,4.4e-05
2020,12,co2_t,Tanker,8,8866124807fffff,3.5e-05
2020,12,co2_t,General cargo ship,8,8866124809fffff,1.7e-05
2020,12,co2_t,Ro-Ro vessel,8,8866124829fffff,4.9e-05
2021,1,ch4_t,Bulk carrier,8,8866124829fffff,7e-06
2021,1,ch4_t,Container ship,8,8866124823fffff,3.8e-05
2021,1,ch4_t,Tanker,8,8866124823fffff,2.4e-05
2021,1,ch4_t,General cargo ship,8,8866124823fffff,3.6e-05
2021,1,ch4_t,Ro-Ro vessel,8,8866124829fffff,2.4e-05
2021,1,n2o_t,Bulk carrier,8,8866124829fffff,3.8e-05
2021,1,n2o_t,Container ship,8,8866124831fffff,3.1e-05
2021,1,n2o_t,Tanker,8,8866124809fffff,3.1e-05
2021,1,n2o_t,General cargo ship,8,8866124831fffff,5e-05
2021,1,n2o_t,Ro-Ro vessel,8,8866124809fffff,4.2e-05
2021,1,co2_t,Bulk carrier,8,8866124825fffff,4.5e-05
2021,1,co2_t,Container ship,8,8866124825fffff,5e-06
2021,1,co2_t,Tanker,8,8866124827fffff,1.1e-05
2021,1,co2_t,General cargo ship,8,8866124827fffff,1.9e-05
2021,1,co2_t,Ro-Ro vessel,8,8866124825fffff,3e-05
2021,2,ch4_t,Bulk carrier,8,8866124807fffff,1.8e-05
2021,2,ch4_t,Container ship,8,8866124805fffff,2.6e-05
2021,2,ch4_t,Tanker,8,8866124807fffff,4e-06
2021,2,ch4_t,General cargo ship,8,8866124825fffff,4.2e-05
2021,2,ch4_t,Ro-Ro vessel,8,8866124829fffff,4.1e-05
2021,2,n2o_t,Bulk carrier,8,8866124807fffff,1e-06
2021,2,n2o_t,Container ship,8,8866124805fffff,3.4e-05
2021,2,n2o_t,Tanker,8,8866124831fffff,4.4e-05
2021,2,n2o_t,General cargo ship,8,8866124807fffff,5e-06
2021,2,n2o_t,Ro-Ro vessel,8,8866124827fffff,2e-06
2021,2,co2_t,Bulk carrier,8,8866124827fffff,2e-06
2021,2,co2_t,Container ship,8,8866124805fffff,7e-06
2021,2,co2_t,Tanker,8,8866124823fffff,2.4e-05
2021,2,co2_t,General cargo ship,8,8866124805fffff,4.2e-05
2021,2,co2_t,Ro-Ro vessel,8,8866124809fffff,2e-06
2021,3,ch4_t,Bulk carrier,8,8866124831fffff,2.3e-05
2021,3,ch4_t,Container ship,8,8866124827fffff,1e-06
2021,3,ch4_t,Tanker,8,8866124825fffff,2.7e-05
2021,3,ch4_t,General cargo ship,8,8866124807fffff,7e-06
2021,3,ch4_t,Ro-Ro vessel,8,8866124827fffff,4.7e-05
2021,3,n2o_t,Bulk carrier,8,8866124807fffff,3.2e-05
2021,3,n2o_t,Container ship,8,8866124829fffff,4.4e-05
2021,3,n2o_t,Tanker,8,8866124831fffff,1.8e-05
2021,3,n2o_t,General cargo ship,8,8866124827fffff,1.1e-05
2021,3,n2o_t,Ro-Ro vessel,8,8866124825fffff,1.5e-05
2021,3,co2_t,Bulk carrier,8,8866124809fffff,4.5e-05
2021,3,co2_t,Container ship,8,8866124805fffff,1.7e-05
2021,3,co2_t,Tanker,8,8866124807fffff,2.2e-05
2021,3,co2_t,General cargo ship,8,8866124829fffff,4.3e-05
2021,3,co2_t,Ro-Ro vessel,8,8866124809fffff,2.2e-05
2021,4,ch4_t,Bulk carrier,8,8866124827fffff,3.9e-05
2021,4,ch4_t,Container ship,8,8866124805fffff,4.7e-05
2021,4,ch4_t,Tanker,8,8866124827fffff,3e-05
2021,4,ch4_t,General cargo ship,8,8866124823fffff,1.5e-05
2021,4,ch4_t,Ro-Ro vessel,8,8866124831fffff,4.7e-05
2021,4,n2o_t,Bulk carrier,8,8866124805fffff,2.6e-05
2021,4,n2o_t,Container ship,8,8866124805fffff,2e-05
2021,4,n2o_t,Tanker,8,8866124831fffff,4.4e-05
2021,4,n2o_t,General cargo ship,8,8866124829fffff,4e-05
2021,4,n2o_t,Ro-Ro vessel,8,8866124831fffff,1.3e-05
2021,4,co2_t,Bulk carrier,8,8866124831fffff,8e-06
2021,4,co2_t,Container ship,8,8866124807fffff,4.6e-05
2021,4,co2_t,Tanker,8,8866124823fffff,4.2e-05
2021,4,co2_t,General cargo ship,8,8866124823fffff,4.6e-05
2021,4,co2_t,Ro-Ro vessel,8,8866124825fffff,3.1e-05
2021,5,ch4_t,Bulk carrier,8,8866124829fffff,2.3e-05
2021,5,ch4_t,Container ship,8,8866124831fffff,2.3e-05
2021,5,ch4_t,Tanker,8,8866124807fffff,3.8e-05
2021,5,ch4_t,General cargo ship,8,8866124807fffff,5e-06
2021,5,ch4_t,Ro-Ro vessel,8,8866124805fffff,1.4e-05
2021,5,n2o_t,Bulk carrier,8,8866124827fffff,3.1e-05
2021,5,n2o_t,Container ship,8,8866124825fffff,1.1e-05
2021,5,n2o_t,Tanker,8,8866124805fffff,2.6e-05
2021,5,n2o_t,General cargo ship,8,8866124823fffff,4.1e-05
2021,5,n2o_t,Ro-Ro vessel,8,8866124807fffff,1.5e-05
2021,5,co2_t,Bulk carrier,8,8866124807fffff,1.4e-05
2021,5,co2_t,Container ship,8,8866124809fffff,6e-06
2021,5,co2_t,Tanker,8,8866124823fffff,4.6e-05
2021,5,co2_t,General cargo ship,8,8866124829fffff,4.5e-05
2021,5,co2_t,Ro-Ro vessel,8,8866124831fffff,2.7e-05
2021,6,ch4_t,Bulk carrier,8,8866124823fffff,2.5e-05
2021,6,ch4_t,Container ship,8,8866124831fffff,3.6e-05
2021,6,ch4_t,Tanker,8,8866124831fffff,4.4e-05
2021,6,ch4_t,General cargo ship,8,8866124807fffff,1.3e-05
2021,6,ch4_t,Ro-Ro vessel,8,8866124809fffff,3e-06
2021,6,n2o_t,Bulk carrier,8,8866124827fffff,9e-06
2021,6,n2o_t,Container ship,8,8866124829fffff,3e-06
2021,6,n2o_t,Tanker,8,8866124827fffff,3.1e-05
2021,6,n2o_t,General cargo ship,8,8866124807fffff,3e-06
2021,6,n2o_t,Ro-Ro vessel,8,8866124807fffff,2.5e-05
2021,6,co2_t,Bulk carrier,8,8866124831fffff,1.7e-05
2021,6,co2_t,Container ship,8,8866124823fffff,2.2e-05
2021,6,co2_t,Tanker,8,8866124831fffff,3.1e-05
2021,6,co2_t,General cargo ship,8,8866124823fffff,3.6e-05
2021,6,co2_t,Ro-Ro vessel,8,8866124805fffff,4.4e-05
2021,7,ch4_t,Bulk carrier,8,8866124809fffff,3.9e-05
2021,7,ch4_t,Container ship,8,8866124809fffff,3.7e-05
2021,7,ch4_t,Tanker,8,8866124807fffff,4.4e-05
2021,7,ch4_t,General cargo ship,8,8866124825fffff,9e-06
2021,7,ch4_t,Ro-Ro vessel,8,8866124809fffff,2.2e-05
2021,7,n2o_t,Bulk carrier,8,8866124827fffff,4.4e-05
2021,7,n2o_t,Container ship,8,8866124831fffff,4e-06
2021,7,n2o_t,Tanker,8,8866124807fffff,2.8e-05
2021,7,n2o_t,General cargo ship,8,8866124807fffff,4e-05
2021,7,n2o_t,Ro-Ro vessel,8,8866124831fffff,3e-06
2021,7,co2_t,Bulk carrier,8,8866124829fffff,2e-06
2021,7,co2_t,Container ship,8,8866124807fffff,3.2e-05
2021,7,co2_t,Tanker,8,8866124827fffff,1.5e-05
2021,7,co2_t,General cargo ship,8,8866124807fffff,1e-05
2021,7,co2_t,Ro-Ro vessel,8,8866124827fffff,2.1e-05
2021,8,ch4_t,Bulk carrier,8,8866124807fffff,2.6e-05
2021,8,ch4_t,Container ship,8,8866124829fffff,3.3e-05
2021,8,ch4_t,Tanker,8,8866124823fffff,1.6e-05
2021,8,ch4_t,General cargo ship,8,8866124825fffff,3.9e-05
2021,8,ch4_t,Ro-Ro vessel,8,8866124805fffff,4.3e-05
2021,8,n2o_t,Bulk carrier,8,8866124805fffff,1.1e-05
2021,8,n2o_t,Container ship,8,8866124825fffff,4.1e-05
2021,8,n2o_t,Tanker,8,8866124829fffff,8e-06
2021,8,n2o_t,General cargo ship,8,8866124829fffff,1.4e-05
2021,8,n2o_t,Ro-Ro vessel,8,8866124823fffff,9e-06
2021,8,co2_t,Bulk carrier,8,8866124807fffff,1.4e-05
2021,8,co2_t,Container ship,8,8866124809fffff,4.7e-05
2021,8,co2_t,Tanker,8,8866124829fffff,2.8e-05
2021,8,co2_t,General cargo ship,8,8866124825fffff,4.8e-05
2021,8,co2_t,Ro-Ro vessel,8,8866124831fffff,4.7e-05
2021,9,ch4_t,Bulk carrier,8,8866124827fffff,1.1e-05
2021,9,ch4_t,Container ship,8,8866124829fffff,1.2e-05
2021,9,ch4_t,Tanker,8,8866124825fffff,8e-06
2021,9,ch4_t,General cargo ship,8,8866124825fffff,7e-06
2021,9,ch4_t,Ro-Ro vessel,8,8866124807fffff,2e-06
2021,9,n2o_t,Bulk carrier,8,8866124825fffff,3.9e-05
2021,9,n2o_t,Container ship,8,8866124827fffff,1.6e-05
2021,9,n2o_t,Tanker,8,8866124825fffff,1.2e-05
2021,9,n2o_t,General cargo ship,8,8866124825fffff,3.6e-05
2021,9,n2o_t,Ro-Ro vessel,8,8866124809fffff,2.3e-05
2021,9,co2_t,Bulk carrier,8,8866124829fffff,4.2e-05
2021,9,co2_t,Container ship,8,8866124829fffff,2.9e-05
2021,9,co2_t,Tanker,8,8866124829fffff,2.8e-05
2021,9,co2_t,General cargo ship,8,8866124827fffff,1.1e-05
2021,9,co2_t,Ro-Ro vessel,8,8866124809fffff,1.2e-05
2021,10,ch4_t,Bulk carrier,8,8866124831fffff,2e-06
2021,10,ch4_t,Container ship,8,8866124827fffff,1.6e-05
2021,10,ch4_t,Tanker,8,8866124827fffff,4.4e-05
2021,10,ch4_t,General cargo ship,8,8866124805fffff,4e-05
2021,10,ch4_t,Ro-Ro vessel,8,8866124825fffff,2.4e-05
2021,10,n2o_t,Bulk carrier,8,8866124829fffff,4e-05
2021,10,n2o_t,Container ship,8,8866124809fffff,2e-05
2021,10,n2o_t,Tanker,8,8866124829fffff,4.5e-05
2021,10,n2o_t,General cargo ship,8,8866124805fffff,3.5e-05
2021,10,n2o_t,Ro-Ro vessel,8,8866124823fffff,1.2e-05
2021,10,co2_t,Bulk carrier,8,8866124829fffff,1.2e-05
2021,10,co2_t,Container ship,8,8866124805fffff,1.7e-05
2021,10,co2_t,Tanker,8,8866124823fffff,6e-06
2021,10,co2_t,General cargo ship,8,8866124805fffff,1.3e-05
2021,10,co2_t,Ro-Ro vessel,8,8866124829fffff,4.7e-05
2021,11,ch4_t,Bulk carrier,8,8866124827fffff,4.8e-05
2021,11,ch4_t,Container ship,8,8866124805fffff,1.9e-05
2021,11,ch4_t,Tanker,8,8866124825fffff,4.1e-05
2021,11,ch4_t,General cargo ship,8,8866124809fffff,2.3e-05
2021,11,ch4_t,Ro-Ro vessel,8,8866124829fffff,5e-05
2021,11,n2o_t,Bulk carrier,8,8866124805fffff,2e-05
2021,11,n2o_t,Container ship,8,8866124825fffff,3.1e-05
2021,11,n2o_t,Tanker,8,8866124823fffff,3.3e-05
2021,11,n2o_t,General cargo ship,8,8866124809fffff,4e-06
2021,11,n2o_t,Ro-Ro vessel,8,8866124805fffff,2.5e-05
2021,11,co2_t,Bulk carrier,8,8866124831fffff,4.1e-05
2021,11,co2_t,Container ship,8,8866124805fffff,1.2e-05
2021,11,co2_t,Tanker,8,8866124807fffff,2.5e-05
2021,11,co2_t,General cargo ship,8,8866124829fffff,2.9e-05
2021,11,co2_t,Ro-Ro vessel,8,8866124829fffff,3.7e-05
2021,12,ch4_t,Bulk carrier,8,8866124831fffff,4.8e-05
2021,12,ch4_t,Container ship,8,8866124809fffff,2.9e-05
2021,12,ch4_t,Tanker,8,8866124805fffff,4.9e-05
2021,12,ch4_t,General cargo ship,8,8866124809fffff,3.8e-05
2021,12,ch4_t,Ro-Ro vessel,8,8866124805fffff,1e-05
2021,12,n2o_t,Bulk carrier,8,8866124805fffff,3.7e-05
2021,12,n2o_t,Container ship,8,8866124809fffff,2.7e-05
2021,12,n2o_t,Tanker,8,8866124829fffff,4.7e-05
2021,12,n2o_t,General cargo ship,8,8866124807fffff,9e-06
2021,12,n2o_t,Ro-Ro vessel,8,8866124805fffff,6e-06
2021,12,co2_t,Bulk carrier,8,8866124827fffff,2.1e-05
2021,12,co2_t,Container ship,8,8866124831fffff,3.6e-05
2021,12,co2_t,Tanker,8,8866124825fffff,1.2e-05
2021,12,co2_t,General cargo ship,8,8866124825fffff,2.7e-05
2021,12,co2_t,Ro-Ro vessel,8,8866124829fffff,8e-06
2022,1,ch4_t,Bulk carrier,8,8866124831fffff,2.4e-05
2022,1,ch4_t,Container ship,8,8866124809fffff,4e-05
2022,1,ch4_t,Tanker,8,8866124825fffff,4.1e-05
2022,1,ch4_t,General cargo ship,8,8866124827fffff,1.1e-05
2022,1,ch4_t,Ro-Ro vessel,8,8866124807fffff,1.7e-05
2022,1,n2o_t,Bulk carrier,8,8866124831fffff,3.1e-05
2022,1,n2o_t,Container ship,8,8866124823fffff,1.5e-05
2022,1,n2o_t,Tanker,8,8866124831fffff,2.7e-05
2022,1,n2o_t,General cargo ship,8,8866124807fffff,1.9e-05
2022,1,n2o_t,Ro-Ro vessel,8,8866124805fffff,1.7e-05
2022,1,co2_t,Bulk carrier,8,8866124825fffff,4.9e-05
2022,1,co2_t,Container ship,8,8866124829fffff,3.8e-05
2022,1,co2_t,Tanker,8,8866124809fffff,6e-06
2022,1,co2_t,General cargo ship,8,8866124831fffff,2.2e-05
2022,1,co2_t,Ro-Ro vessel,8,8866124805fffff,4.7e-05
2022,2,ch4_t,Bulk carrier,8,8866124831fffff,2.1e-05
2022,2,ch4_t,Container ship,8,8866124827fffff,9e-06
2022,2,ch4_t,Tanker,8,8866124823fffff,1.4e-05
2022,2,ch4_t,General cargo ship,8,8866124829fffff,2.9e-05
2022,2,ch4_t,Ro-Ro vessel,8,8866124823fffff,2e-05
2022,2,n2o_t,Bulk carrier,8,8866124805fffff,2e-06
2022,2,n2o_t,Container ship,8,8866124829fffff,6e-06
2022,2,n2o_t,Tanker,8,8866124809fffff,2e-05
2022,2,n2o_t,General cargo ship,8,8866124809fffff,4.5e-05
2022,2,n2o_t,Ro-Ro vessel,8,8866124827fffff,4.6e-05
2022,2,co2_t,Bulk carrier,8,8866124823fffff,3.2e-05
2022,2,co2_t,Container ship,8,8866124829fffff,1e-05
2022,2,co2_t,Tanker,8,8866124831fffff,2e-06
2022,2,co2_t,General cargo ship,8,8866124829fffff,1.7e-05
2022,2,co2_t,Ro-Ro vessel,8,8866124809fffff,3.3e-05
2022,3,ch4_t,Bulk carrier,8,8866124831fffff,4e-05
2022,3,ch4_t,Container ship,8,8866124831fffff,2.6e-05
2022,3,ch4_t,Tanker,8,8866124823fffff,5e-06
2022,3,ch4_t,General cargo ship,8,8866124829fffff,4.6e-05
2022,3,ch4_t,Ro-Ro vessel,8,8866124823fffff,1.2e-05
2022,3,n2o_t,Bulk carrier,8,8866124823fffff,1.4e-05
2022,3,n2o_t,Container ship,8,8866124831fffff,2.8e-05
2022,3,n2o_t,Tanker,8,8866124809fffff,2e-06
2022,3,n2o_t,General cargo ship,8,8866124827fffff,1.4e-05
2022,3,n2o_t,Ro-Ro vessel,8,8866124825fffff,3.8e-05
2022,3,co2_t,Bulk carrier,8,8866124805fffff,3e-05
2022,3,co2_t,Container ship,8,8866124831fffff,1.4e-05
2022,3,co2_t,Tanker,8,8866124823fffff,1e-05
2022,3,co2_t,General cargo ship,8,8866124831fffff,2.2e-05
2022,3,co2_t,Ro-Ro vessel,8,8866124805fffff,1e-05
2022,4,ch4_t,Bulk carrier,8,8866124829fffff,3e-05
2022,4,ch4_t,Container ship,8,8866124831fffff,1.1e-05
2022,4,ch4_t,Tanker,8,8866124829fffff,2.9e-05
2022,4,ch4_t,General cargo ship,8,8866124805fffff,3.9e-05
2022,4,ch4_t,Ro-Ro vessel,8,8866124805fffff,4.9e-05
2022,4,n2o_t,Bulk carrier,8,8866124825fffff,3.6e-05
2022,4,n2o_t,Container ship,8,8866124829fffff,3.3e-05
2022,4,n2o_t,Tanker,8,8866124807fffff,1.9e-05
2022,4,n2o_t,General cargo ship,8,8866124805fffff,1.8e-05
2022,4,n2o_t,Ro-Ro vessel,8,8866124807fffff,1e-05
2022,4,co2_t,Bulk carrier,8,8866124823fffff,4.2e-05
2022,4,co2_t,Container ship,8,8866124829fffff,2.9e-05
2022,4,co2_t,Tanker,8,8866124825fffff,8e-06
2022,4,co2_t,General cargo ship,8,8866124809fffff,1.5e-05
2022,4,co2_t,Ro-Ro vessel,8,8866124823fffff,2.8e-05
2022,5,ch4_t,Bulk carrier,8,8866124825fffff,4.1e-05
2022,5,ch4_t,Container ship,8,8866124831fffff,1.2e-05
2022,5,ch4_t,Tanker,8,8866124805fffff,2.8e-05
2022,5,ch4_t,General cargo ship,8,8866124823fffff,3.8e-05
2022,5,ch4_t,Ro-Ro vessel,8,8866124805fffff,1.8e-05
2022,5,n2o_t,Bulk carrier,8,8866124831fffff,1.1e-05
2022,5,n2o_t,Container ship,8,8866124825fffff,3.6e-05
2022,5,n2o_t,Tanker,8,8866124805fffff,3.9e-05
2022,5,n2o_t,General cargo ship,8,8866124809fffff,4.2e-05
2022,5,n2o_t,Ro-Ro vessel,8,8866124827fffff,1.9e-05
2022,5,co2_t,Bulk carrier,8,8866124825fffff,3.2e-05
2022,5,co2_t,Container ship,8,8866124805fffff,3.7e-05
2022,5,co2_t,Tanker,8,8866124805fffff,6e-06
2022,5,co2_t,General cargo ship,8,8866124807fffff,4.5e-05
2022,5,co2_t,Ro-Ro vessel,8,8866124827fffff,2.9e-05
2022,6,ch4_t,Bulk carrier,8,8866124831fffff,1.8e-05
2022,6,ch4_t,Container ship,8,8866124805fffff,2.7e-05
2022,6,ch4_t,Tanker,8,8866124831fffff,4.5e-05
2022,6,ch4_t,General cargo ship,8,8866124823fffff,3.1e-05
2022,6,ch4_t,Ro-Ro vessel,8,8866124827fffff,3e-06
2022,6,n2o_t,Bulk carrier,8,8866124807fffff,2.6e-05
2022,6,n2o_t,Container ship,8,8866124831fffff,3.5e-05
2022,6,n2o_t,Tanker,8,8866124809fffff,3e-06
2022,6,n2o_t,General cargo ship,8,8866124805fffff,2.8e-05
2022,6,n2o_t,Ro-Ro vessel,8,8866124807fffff,2.1e-05
2022,6,co2_t,Bulk carrier,8,8866124823fffff,3.5e-05
2022,6,co2_t,Container ship,8,8866124809fffff,5e-05
2022,6,co2_t,Tanker,8,8866124805fffff,2.1e-05
2022,6,co2_t,General cargo ship,8,8866124807fffff,3.8e-05
2022,6,co2_t,Ro-Ro vessel,8,8866124809fffff,4.2e-05
2022,7,ch4_t,Bulk carrier,8,8866124827fffff,3e-05
2022,7,ch4_t,Container ship,8,8866124823fffff,3e-05
2022,7,ch4_t,Tanker,8,8866124807fffff,4e-05
2022,7,ch4_t,General cargo ship,8,8866124809fffff,4e-06
2022,7,ch4_t,Ro-Ro vessel,8,8866124823fffff,3e-06
2022,7,n2o_t,Bulk carrier,8,8866124825fffff,3.2e-05
2022,7,n2o_t,Container ship,8,8866124809fffff,4.3e-05
2022,7,n2o_t,Tanker,8,8866124807fffff,1.6e-05
2022,7,n2o_t,General cargo ship,8,8866124809fffff,2.1e-05
2022,7,n2o_t,Ro-Ro vessel,8,8866124827fffff,3.2e-05
2022,7,co2_t,Bulk carrier,8,8866124827fffff,1.6e-05
2022,7,co2_t,Container ship,8,8866124805fffff,9e-06
2022,7,co2_t,Tanker,8,8866124805fffff,4.2e-05
2022,7,co2_t,General cargo ship,8,8866124831fffff,4.6e-05
2022,7,co2_t,Ro-Ro vessel,8,8866124809fffff,3.5e-05
2022,8,ch4_t,Bulk carrier,8,8866124805fffff,2.4e-05
2022,8,ch4_t,Container ship,8,8866124809fffff,1e-05
2022,8,ch4_t,Tanker,8,8866124831fffff,1.5e-05
2022,8,ch4_t,General cargo ship,8,8866124809fffff,3.2e-05
2022,8,ch4_t,Ro-Ro vessel,8,8866124807fffff,4.9e-05
2022,8,n2o_t,Bulk carrier,8,8866124827fffff,2e-05
2022,8,n2o_t,Container ship,8,8866124809fffff,4.4e-05
2022,8,n2o_t,Tanker,8,8866124809fffff,1.6e-05
2022,8,n2o_t,General cargo ship,8,8866124827fffff,3e-05
2022,8,n2o_t,Ro-Ro vessel,8,8866124827fffff,4.9e-05
2022,8,co2_t,Bulk carrier,8,8866124831fffff,1.3e-05
2022,8,co2_t,Container ship,8,8866124827fffff,4.7e-05
2022,8,co2_t,Tanker,8,8866124823fffff,2.6e-05
2022,8,co2_t,General cargo ship,8,8866124831fffff,4.5e-05
2022,8,co2_t,Ro-Ro vessel,8,8866124805fffff,2.5e-05
2022,9,ch4_t,Bulk carrier,8,8866124827fffff,4e-05
2022,9,ch4_t,Container ship,8,8866124829fffff,3e-06
2022,9,ch4_t,Tanker,8,8866124809fffff,3e-05
2022,9,ch4_t,General cargo ship,8,8866124807fffff,3e-06
2022,9,ch4_t,Ro-Ro vessel,8,8866124829fffff,1.4e-05
2022,9,n2o_t,Bulk carrier,8,8866124831fffff,4.5e-05
2022,9,n2o_t,Container ship,8,8866124831fffff,3.8e-05
2022,9,n2o_t,Tanker,8,8866124825fffff,3e-06
2022,9,n2o_t,General cargo ship,8,8866124827fffff,1.5e-05
2022,9,n2o_t,Ro-Ro vessel,8,8866124823fffff,3e-06
2022,9,co2_t,Bulk carrier,8,8866124825fffff,5e-05
2022,9,co2_t,Container ship,8,8866124807fffff,3e-05
2022,9,co2_t,Tanker,8,8866124809fffff,1.1e-05
2022,9,co2_t,General cargo ship,8,8866124825fffff,2.5e-05
2022,9,co2_t,Ro-Ro vessel,8,8866124807fffff,2.7e-05
2022,10,ch4_t,Bulk carrier,8,8866124825fffff,1.8e-05
2022,10,ch4_t,Container ship,8,8866124809fffff,2e-05
2022,10,ch4_t,Tanker,8,8866124829fffff,9e-06
2022,10,ch4_t,General cargo ship,8,8866124809fffff,4e-05
2022,10,ch4_t,Ro-Ro vessel,8,8866124805fffff,2.6e-05
2022,10,n2o_t,Bulk carrier,8,8866124805fffff,1.4e-05
2022,10,n2o_t,Container ship,8,8866124827fffff,2.8e-05
2022,10,n2o_t,Tanker,8,8866124807fffff,3.9e-05
2022,10,n2o_t,General cargo ship,8,8866124829fffff,4.5e-05
2022,10,n2o_t,Ro-Ro vessel,8,8866124825fffff,2.2e-05
2022,10,co2_t,Bulk carrier,8,8866124805fffff,3.3e-05
2022,10,co2_t,Container ship,8,8866124807fffff,1.3e-05
2022,10,co2_t,Tanker,8,8866124805fffff,1.5e-05
2022,10,co2_t,General cargo ship,8,8866124825fffff,3.8e-05
2022,10,co2_t,Ro-Ro vessel,8,8866124809fffff,3.5e-05
2022,11,ch4_t,Bulk carrier,8,8866124807fffff,3.4e-05
2022,11,ch4_t,Container ship,8,8866124829fffff,4.4e-05
2022,11,ch4_t,Tanker,8,8866124807fffff,3.3e-05
2022,11,ch4_t,General cargo ship,8,8866124829fffff,4.2e-05
2022,11,ch4_t,Ro-Ro vessel,8,8866124829fffff,2.6e-05
2022,11,n2o_t,Bulk carrier,8,8866124809fffff,4.4e-05
2022,11,n2o_t,Container ship,8,8866124829fffff,6e-06
2022,11,n2o_t,Tanker,8,8866124831fffff,2.2e-05
2022,11,n2o_t,General cargo ship,8,8866124823fffff,3.6e-05
2022,11,n2o_t,Ro-Ro vessel,8,8866124825fffff,1.2e-05
2022,11,co2_t,Bulk carrier,8,8866124807fffff,3.2e-05
2022,11,co2_t,Container ship,8,8866124829fffff,3.7e-05
2022,11,co2_t,Tanker,8,8866124823fffff,3.9e-05
2022,11,co2_t,General cargo ship,8,8866124829fffff,3.6e-05
2022,11,co2_t,Ro-Ro vessel,8,8866124829fffff,3.8e-05
2022,12,ch4_t,Bulk carrier,8,8866124831fffff,3.1e-05
2022,12,ch4_t,Container ship,8,8866124807fffff,3.2e-05
2022,12,ch4_t,Tanker,8,8866124807fffff,8e-06
2022,12,ch4_t,General cargo ship,8,8866124823fffff,2e-05
2022,12,ch4_t,Ro-Ro vessel,8,8866124805fffff,3.2e-05
2022,12,n2o_t,Bulk carrier,8,8866124807fffff,4.2e-05
2022,12,n2o_t,Container ship,8,8866124823fffff,3.3e-05
2022,12,n2o_t,Tanker,8,8866124809fffff,2.7e-05
2022,12,n2o_t,General cargo ship,8,8866124823fffff,5e-06
2022,12,n2o_t,Ro-Ro vessel,8,8866124805fffff,3.1e-05
2022,12,co2_t,Bulk carrier,8,8866124805fffff,9e-06
2022,12,co2_t,Container ship,8,8866124809fffff,4.4e-05
2022,12,co2_t,Tanker,8,8866124829fffff,6e-06
2022,12,co2_t,General cargo ship,8,8866124807fffff,2.1e-05
2022,12,co2_t,Ro-Ro vessel,8,8866124807fffff,4.4e-05
2023,1,ch4_t,Bulk carrier,8,8866124825fffff,4e-06
2023,1,ch4_t,Container ship,8,8866124805fffff,4.1e-05
2023,1,ch4_t,Tanker,8,8866124829fffff,3.1e-05
2023,1,ch4_t,General cargo ship,8,8866124807fffff,1.7e-05
2023,1,ch4_t,Ro-Ro vessel,8,8866124831fffff,1.7e-05
2023,1,n2o_t,Bulk carrier,8,8866124809fffff,3.8e-05
2023,1,n2o_t,Container ship,8,8866124809fffff,3e-05
2023,1,n2o_t,Tanker,8,8866124809fffff,3.8e-05
2023,1,n2o_t,General cargo ship,8,8866124805fffff,1.9e-05
2023,1,n2o_t,Ro-Ro vessel,8,8866124823fffff,4.5e-05
2023,1,co2_t,Bulk carrier,8,8866124827fffff,1.9e-05
2023,1,co2_t,Container ship,8,8866124825fffff,1.6e-05
2023,1,co2_t,Tanker,8,8866124827fffff,4e-05
2023,1,co2_t,General cargo ship,8,8866124831fffff,1.2e-05
2023,1,co2_t,Ro-Ro vessel,8,8866124807fffff,9e-06
2023,2,ch4_t,Bulk carrier,8,8866124807fffff,4.9e-05
2023,2,ch4_t,Container ship,8,8866124809fffff,3.3e-05
2023,2,ch4_t,Tanker,8,8866124829fffff,8e-06
2023,2,ch4_t,General cargo ship,8,8866124809fffff,2e-05
2023,2,ch4_t,Ro-Ro vessel,8,8866124805fffff,4.4e-05
2023,2,n2o_t,Bulk carrier,8,8866124825fffff,3e-05
2023,2,n2o_t,Container ship,8,8866124827fffff,4.9e-05
2023,2,n2o_t,Tanker,8,8866124823fffff,3.5e-05
2023,2,n2o_t,General cargo ship,8,8866124805fffff,3.8e-05
2023,2,n2o_t,Ro-Ro vessel,8,8866124825fffff,2.6e-05
2023,2,co2_t,Bulk carrier,8,8866124829fffff,4.4e-05
2023,2,co2_t,Container ship,8,8866124829fffff,1.2e-05
2023,2,co2_t,Tanker,8,8866124809fffff,4.5e-05
2023,2,co2_t,General cargo ship,8,8866124809fffff,2.9e-05
2023,2,co2_t,Ro-Ro vessel,8,8866124805fffff,1.6e-05
2023,3,ch4_t,Bulk carrier,8,8866124829fffff,4e-05
2023,3,ch4_t,Container ship,8,8866124807fffff,2.9e-05
2023,3,ch4_t,Tanker,8,8866124825fffff,2.3e-05
2023,3,ch4_t,General cargo ship,8,8866124831fffff,2.4e-05
2023,3,ch4_t,Ro-Ro vessel,8,8866124827fffff,1.8e-05
2023,3,n2o_t,Bulk carrier,8,8866124829fffff,4.4e-05
2023,3,n2o_t,Container ship,8,8866124805fffff,1.4e-05
2023,3,n2o_t,Tanker,8,8866124829fffff,4.2e-05
2023,3,n2o_t,General cargo ship,8,8866124829fffff,1.1e-05
2023,3,n2o_t,Ro-Ro vessel,8,8866124809fffff,1.8e-05
2023,3,co2_t,Bulk carrier,8,8866124809fffff,3e-06
2023,3,co2_t,Container ship,8,8866124805fffff,1.1e-05
2023,3,co2_t,Tanker,8,8866124829fffff,3.2e-05
2023,3,co2_t,General cargo ship,8,8866124829fffff,2.6e-05
2023,3,co2_t,Ro-Ro vessel,8,8866124831fffff,1.1e-05
2023,4,ch4_t,Bulk carrier,8,8866124831fffff,2.3e-05
2023,4,ch4_t,Container ship,8,8866124827fffff,3.6e-05
2023,4,ch4_t,Tanker,8,8866124831fffff,1.8e-05
2023,4,ch4_t,General cargo ship,8,8866124831fffff,4.4e-05
2023,4,ch4_t,Ro-Ro vessel,8,8866124825fffff,3.3e-05
2023,4,n2o_t,Bulk carrier,8,8866124825fffff,4.8e-05
2023,4,n2o_t,Container ship,8,8866124825fffff,4e-06
2023,4,n2o_t,Tanker,8,8866124823fffff,2.3e-05
2023,4,n2o_t,General cargo ship,8,8866124805fffff,3.8e-05
2023,4,n2o_t,Ro-Ro vessel,8,8866124805fffff,2.7e-05
2023,4,co2_t,Bulk carrier,8,8866124823fffff,4e-06
2023,4,co2_t,Container ship,8,8866124831fffff,2.1e-05
2023,4,co2_t,Tanker,8,8866124805fffff,2.4e-05
2023,4,co2_t,General cargo ship,8,8866124805fffff,2.4e-05
2023,4,co2_t,Ro-Ro vessel,8,8866124807fffff,3.6e-05
2023,5,ch4_t,Bulk carrier,8,8866124823fffff,3.5e-05
2023,5,ch4_t,Container ship,8,8866124825fffff,3e-05
2023,5,ch4_t,Tanker,8,8866124823fffff,2.5e-05
2023,5,ch4_t,General cargo ship,8,8866124827fffff,1.1e-05
2023,5,ch4_t,Ro-Ro vessel,8,8866124807fffff,4.4e-05
2023,5,n2o_t,Bulk carrier,8,8866124831fffff,2.4e-05
2023,5,n2o_t,Container ship,8,8866124829fffff,1e-05
2023,5,n2o_t,Tanker,8,8866124807fffff,2.1e-05
2023,5,n2o_t,General cargo ship,8,8866124805fffff,1.6e-05
2023,5,n2o_t,Ro-Ro vessel,8,8866124829fffff,4.6e-05
2023,5,co2_t,Bulk carrier,8,8866124825fffff,4.7e-05
2023,5,co2_t,Container ship,8,8866124823fffff,6e-06
2023,5,co2_t,Tanker,8,8866124831fffff,4.1e-05
2023,5,co2_t,General cargo ship,8,8866124807fffff,1.4e-05
2023,5,co2_t,Ro-Ro vessel,8,8866124829fffff,2.2e-05
2023,6,ch4_t,Bulk carrier,8,8866124823fffff,3.3e-05
2023,6,ch4_t,Container ship,8,8866124807fffff,3.3e-05
2023,6,ch4_t,Tanker,8,8866124805fffff,4.4e-05
2023,6,ch4_t,General cargo ship,8,8866124807fffff,1.3e-05
2023,6,ch4_t,Ro-Ro vessel,8,8866124825fffff,4.8e-05
2023,6,n2o_t,Bulk carrier,8,8866124809fffff,4.8e-05
2023,6,n2o_t,Container ship,8,8866124825fffff,3e-05
2023,6,n2o_t,Tanker,8,8866124831fffff,3e-06
2023,6,n2o_t,General cargo ship,8,8866124807fffff,3.3e-05
2023,6,n2o_t,Ro-Ro vessel,8,8866124827fffff,1e-06
2023,6,co2_t,Bulk carrier,8,8866124809fffff,2.2e-05
2023,6,co2_t,Container ship,8,8866124831fffff,3.5e-05
2023,6,co2_t,Tanker,8,8866124829fffff,1.9e-05
2023,6,co2_t,General cargo ship,8,8866124809fffff,1.8e-05
2023,6,co2_t,Ro-Ro vessel,8,8866124807fffff,7e-06
2023,7,ch4_t,Bulk carrier,8,8866124807fffff,1.1e-05
2023,7,ch4_t,Container ship,8,8866124829fffff,3.6e-05
2023,7,ch4_t,Tanker,8,8866124827fffff,1e-05
2023,7,ch4_t,General cargo ship,8,8866124829fffff,4e-05
2023,7,ch4_t,Ro-Ro vessel,8,8866124831fffff,4.5e-05
2023,7,n2o_t,Bulk carrier,8,8866124807fffff,4.7e-05
2023,7,n2o_t,Container ship,8,8866124809fffff,9e-06
2023,7,n2o_t,Tanker,8,8866124831fffff,1.9e-05
2023,7,n2o_t,General cargo ship,8,8866124809fffff,4.2e-05
2023,7,n2o_t,Ro-Ro vessel,8,8866124825fffff,4.1e-05
2023,7,co2_t,Bulk carrier,8,8866124823fffff,1.6e-05
2023,7,co2_t,Container ship,8,8866124825fffff,2e-06
2023,7,co2_t,Tanker,8,8866124831fffff,1.5e-05
2023,7,co2_t,General cargo ship,8,8866124807fffff,1.1e-05
2023,7,co2_t,Ro-Ro vessel,8,8866124823fffff,1e-06
2023,8,ch4_t,Bulk carrier,8,8866124829fffff,4e-05
2023,8,ch4_t,Container ship,8,8866124807fffff,4.2e-05
2023,8,ch4_t,Tanker,8,8866124807fffff,1.1e-05
2023,8,ch4_t,General cargo ship,8,8866124831fffff,1.6e-05
2023,8,ch4_t,Ro-Ro vessel,8,8866124827fffff,1.4e-05
2023,8,n2o_t,Bulk carrier,8,8866124827fffff,1.4e-05
2023,8,n2o_t,Container ship,8,8866124825fffff,4.7e-05
2023,8,n2o_t,Tanker,8,8866124825fffff,3.6e-05
2023,8,n2o_t,General cargo ship,8,8866124827fffff,3e-06
2023,8,n2o_t,Ro-Ro vessel,8,8866124823fffff,3.5e-05
2023,8,co2_t,Bulk carrier,8,8866124807fffff,1.5e-05
2023,8,co2_t,Container ship,8,8866124807fffff,3.4e-05
2023,8,co2_t,Tanker,8,8866124825fffff,2.3e-05
2023,8,co2_t,General cargo ship,8,8866124807fffff,4.4e-05
2023,8,co2_t,Ro-Ro vessel,8,8866124805fffff,2.3e-05
2023,9,ch4_t,Bulk carrier,8,8866124827fffff,2.1e-05
2023,9,ch4_t,Container ship,8,8866124827fffff,3e-05
2023,9,ch4_t,Tanker,8,8866124809fffff,2.8e-05
2023,9,ch4_t,General cargo ship,8,8866124809fffff,9e-06
2023,9,ch4_t,Ro-Ro vessel,8,8866124823fffff,1.8e-05
2023,9,n2o_t,Bulk carrier,8,8866124825fffff,4.9e-05
2023,9,n2o_t,Container ship,8,8866124823fffff,3.4e-05
2023,9,n2o_t,Tanker,8,8866124809fffff,2.2e-05
2023,9,n2o_t,General cargo ship,8,8866124825fffff,2.9e-05
2023,9,n2o_t,Ro-Ro vessel,8,8866124805fffff,2.5e-05
2023,9,co2_t,Bulk carrier,8,8866124829fffff,5e-05
2023,9,co2_t,Container ship,8,8866124829fffff,2.8e-05
2023,9,co2_t,Tanker,8,8866124825fffff,4.9e-05
2023,9,co2_t,General cargo ship,8,8866124831fffff,4e-05
2023,9,co2_t,Ro-Ro vessel,8,8866124823fffff,1.6e-05
2023,10,ch4_t,Bulk carrier,8,8866124827fffff,8e-06
2023,10,ch4_t,Container ship,8,8866124823fffff,1.5e-05
2023,10,ch4_t,Tanker,8,8866124831fffff,4.4e-05
2023,10,ch4_t,General cargo ship,8,8866124829fffff,1e-05
2023,10,ch4_t,Ro-Ro vessel,8,8866124823fffff,4.5e-05
2023,10,n2o_t,Bulk carrier,8,8866124809fffff,4.2e-05
2023,10,n2o_t,Container ship,8,8866124829fffff,8e-06
2023,10,n2o_t,Tanker,8,8866124831fffff,4.5e-05
2023,10,n2o_t,General cargo ship,8,8866124825fffff,4e-06
2023,10,n2o_t,Ro-Ro vessel,8,8866124809fffff,3.5e-05
2023,10,co2_t,Bulk carrier,8,8866124827fffff,4.4e-05
2023,10,co2_t,Container ship,8,8866124831fffff,5e-06
2023,10,co2_t,Tanker,8,8866124825fffff,4e-06
2023,10,co2_t,General cargo ship,8,8866124805fffff,3.3e-05
2023,10,co2_t,Ro-Ro vessel,8,8866124829fffff,3.3e-05
2023,11,ch4_t,Bulk carrier,8,8866124805fffff,5e-06
2023,11,ch4_t,Container ship,8,8866124829fffff,5e-05
2023,11,ch4_t,Tanker,8,8866124809fffff,2.1e-05
2023,11,ch4_t,General cargo ship,8,8866124825fffff,3.3e-05
2023,11,ch4_t,Ro-Ro vessel,8,8866124831fffff,1.9e-05
2023,11,n2o_t,Bulk carrier,8,8866124825fffff,2.7e-05
2023,11,n2o_t,Container ship,8,8866124809fffff,4.4e-05
2023,11,n2o_t,Tanker,8,8866124805fffff,3.8e-05
2023,11,n2o_t,General cargo ship,8,8866124807fffff,2.3e-05
2023,11,n2o_t,Ro-Ro vessel,8,8866124831fffff,4.6e-05
2023,11,co2_t,Bulk carrier,8,8866124827fffff,1.4e-05
2023,11,co2_t,Container ship,8,8866124827fffff,8e-06
2023,11,co2_t,Tanker,8,8866124805fffff,3.6e-05
2023,11,co2_t,General cargo ship,8,8866124831fffff,8e-06
2023,11,co2_t,Ro-Ro vessel,8,8866124807fffff,3.8e-05
2023,12,ch4_t,Bulk carrier,8,8866124805fffff,2.2e-05
2023,12,ch4_t,Container ship,8,8866124823fffff,5e-06
2023,12,ch4_t,Tanker,8,8866124827fffff,5e-06
2023,12,ch4_t,General cargo ship,8,8866124809fffff,4e-06
2023,12,ch4_t,Ro-Ro vessel,8,8866124809fffff,3.3e-05
2023,12,n2o_t,Bulk carrier,8,8866124823fffff,4.9e-05
2023,12,n2o_t,Container ship,8,8866124807fffff,4.1e-05
2023,12,n2o_t,Tanker,8,8866124809fffff,4.1e-05
2023,12,n2o_t,General cargo ship,8,8866124829fffff,2.5e-05
2023,12,n2o_t,Ro-Ro vessel,8,8866124805fffff,1.7e-05
2023,12,co2_t,Bulk carrier,8,8866124807fffff,3.8e-05
2023,12,co2_t,Container ship,8,8866124823fffff,1.2e-05
2023,12,co2_t,Tanker,8,8866124805fffff,4.3e-05
2023,12,co2_t,General cargo ship,8,8866124829fffff,8e-06
2023,12,co2_t,Ro-Ro vessel,8,8866124809fffff,3.3e-05
2024,1,ch4_t,Bulk carrier,8,8866124807fffff,4.7e-05
2024,1,ch4_t,Container ship,8,8866124829fffff,3.1e-05
2024,1,ch4_t,Tanker,8,8866124827fffff,1e-06
2024,1,ch4_t,General cargo ship,8,8866124823fffff,1.8e-05
2024,1,ch4_t,Ro-Ro vessel,8,8866124827fffff,2.1e-05
2024,1,n2o_t,Bulk carrier,8,8866124829fffff,2.8e-05
2024,1,n2o_t,Container ship,8,8866124831fffff,2.2e-05
2024,1,n2o_t,Tanker,8,8866124823fffff,1e-05
2024,1,n2o_t,General cargo ship,8,8866124829fffff,2.1e-05
2024,1,n2o_t,Ro-Ro vessel,8,8866124805fffff,2.2e-05
2024,1,co2_t,Bulk carrier,8,8866124825fffff,4e-06
2024,1,co2_t,Container ship,8,8866124831fffff,2.9e-05
2024,1,co2_t,Tanker,8,8866124831fffff,1.5e-05
2024,1,co2_t,General cargo ship,8,8866124825fffff,5e-06
2024,1,co2_t,Ro-Ro vessel,8,8866124827fffff,3.7e-05
2024,2,ch4_t,Bulk carrier,8,8866124827fffff,2.2e-05
2024,2,ch4_t,Container ship,8,8866124805fffff,3.1e-05
2024,2,ch4_t,Tanker,8,8866124807fffff,4e-06
2024,2,ch4_t,General cargo ship,8,8866124827fffff,2e-05
2024,2,ch4_t,Ro-Ro vessel,8,8866124809fffff,3.1e-05
2024,2,n2o_t,Bulk carrier,8,8866124831fffff,1.2e-05
2024,2,n2o_t,Container ship,8,8866124831fffff,4e-05
2024,2,n2o_t,Tanker,8,8866124825fffff,2.5e-05
2024,2,n2o_t,General cargo ship,8,8866124807fffff,4.9e-05
2024,2,n2o_t,Ro-Ro vessel,8,8866124825fffff,4e-05
2024,2,co2_t,Bulk carrier,8,8866124827fffff,1.7e-05
2024,2,co2_t,Container ship,8,8866124825fffff,4.3e-05
2024,2,co2_t,Tanker,8,8866124823fffff,5e-05
2024,2,co2_t,General cargo ship,8,8866124831fffff,4.9e-05
2024,2,co2_t,Ro-Ro vessel,8,8866124827fffff,3e-06
2024,3,ch4_t,Bulk carrier,8,8866124829fffff,2.4e-05
2024,3,ch4_t,Container ship,8,8866124823fffff,4.4e-05
2024,3,ch4_t,Tanker,8,8866124823fffff,1.2e-05
2024,3,ch4_t,General cargo ship,8,8866124823fffff,4.1e-05
2024,3,ch4_t,Ro-Ro vessel,8,8866124805fffff,2.7e-05
2024,3,n2o_t,Bulk carrier,8,8866124829fffff,1.8e-05
2024,3,n2o_t,Container ship,8,8866124829fffff,3.7e-05
2024,3,n2o_t,Tanker,8,8866124807fffff,5e-06
2024,3,n2o_t,General cargo ship,8,8866124823fffff,4.2e-05
2024,3,n2o_t,Ro-Ro vessel,8,8866124829fffff,1.7e-05
2024,3,co2_t,Bulk carrier,8,8866124823fffff,3.2e-05
2024,3,co2_t,Container ship,8,8866124827fffff,2.3e-05
2024,3,co2_t,Tanker,8,8866124807fffff,4.2e-05
2024,3,co2_t,General cargo ship,8,8866124807fffff,2.5e-05
2024,3,co2_t,Ro-Ro vessel,8,8866124831fffff,2.3e-05
2024,4,ch4_t,Bulk carrier,8,8866124827fffff,3e-06
2024,4,ch4_t,Container ship,8,8866124823fffff,3e-06
2024,4,ch4_t,Tanker,8,8866124829fffff,3.6e-05
2024,4,ch4_t,General cargo ship,8,8866124831fffff,4.7e-05
2024,4,ch4_t,Ro-Ro vessel,8,8866124831fffff,2.4e-05
2024,4,n2o_t,Bulk carrier,8,8866124827fffff,3.6e-05
2024,4,n2o_t,Container ship,8,8866124829fffff,1.8e-05
2024,4,n2o_t,Tanker,8,8866124823fffff,3.6e-05
2024,4,n2o_t,General cargo ship,8,8866124805fffff,4.2e-05
2024,4,n2o_t,Ro-Ro vessel,8,8866124805fffff,1.3e-05
2024,4,co2_t,Bulk carrier,8,8866124807fffff,1.5e-05
2024,4,co2_t,Container ship,8,8866124829fffff,5e-06
2024,4,co2_t,Tanker,8,8866124807fffff,1.3e-05
2024,4,co2_t,General cargo ship,8,8866124827fffff,2.4e-05
2024,4,co2_t,Ro-Ro vessel,8,8866124827fffff,2.4e-05
2024,5,ch4_t,Bulk carrier,8,8866124827fffff,3.3e-05
2024,5,ch4_t,Container ship,8,8866124823fffff,4.6e-05
2024,5,ch4_t,Tanker,8,8866124831fffff,2.1e-05
2024,5,ch4_t,General cargo ship,8,8866124827fffff,2.5e-05
2024,5,ch4_t,Ro-Ro vessel,8,8866124829fffff,8e-06
2024,5,n2o_t,Bulk carrier,8,8866124823fffff,4.5e-05
2024,5,n2o_t,Container ship,8,8866124809fffff,1.1e-05
2024,5,n2o_t,Tanker,8,8866124831fffff,1.3e-05
2024,5,n2o_t,General cargo ship,8,8866124827fffff,3.7e-05
2024,5,n2o_t,Ro-Ro vessel,8,8866124805fffff,2.7e-05
2024,5,co2_t,Bulk carrier,8,8866124825fffff,1.7e-05
2024,5,co2_t,Container ship,8,8866124809fffff,2.4e-05
2024,5,co2_t,Tanker,8,8866124825fffff,3.9e-05
2024,5,co2_t,General cargo ship,8,8866124805fffff,4e-05
2024,5,co2_t,Ro-Ro vessel,8,8866124807fffff,4.1e-05
2024,6,ch4_t,Bulk carrier,8,8866124829fffff,2.1e-05
2024,6,ch4_t,Container ship,8,8866124827fffff,1.4e-05
2024,6,ch4_t,Tanker,8,8866124827fffff,1.4e-05
2024,6,ch4_t,General cargo ship,8,8866124823fffff,1.9e-05
2024,6,ch4_t,Ro-Ro vessel,8,8866124831fffff,3.3e-05
2024,6,n2o_t,Bulk carrier,8,8866124807fffff,4.1e-05
2024,6,n2o_t,Container ship,8,8866124807fffff,1.1e-05
2024,6,n2o_t,Tanker,8,8866124825fffff,4.3e-05
2024,6,n2o_t,General cargo ship,8,8866124825fffff,4.2e-05
2024,6,n2o_t,Ro-Ro vessel,8,8866124823fffff,4.1e-05
2024,6,co2_t,Bulk carrier,8,8866124823fffff,1.1e-05
2024,6,co2_t,Container ship,8,8866124805fffff,8e-06
2024,6,co2_t,Tanker,8,8866124809fffff,3.4e-05
2024,6,co2_t,General cargo ship,8,8866124829fffff,4.9e-05
2024,6,co2_t,Ro-Ro vessel,8,8866124809fffff,2.8e-05
2024,7,ch4_t,Bulk carrier,8,8866124831fffff,4.9e-05
2024,7,ch4_t,Container ship,8,8866124825fffff,4.1e-05
2024,7,ch4_t,Tanker,8,8866124809fffff,2.3e-05
2024,7,ch4_t,General cargo ship,8,8866124807fffff,7e-06
2024,7,ch4_t,Ro-Ro vessel,8,8866124827fffff,2.5e-05
2024,7,n2o_t,Bulk carrier,8,8866124807fffff,3.8e-05
2024,7,n2o_t,Container ship,8,8866124825fffff,7e-06
2024,7,n2o_t,Tanker,8,8866124825fffff,4.4e-05
2024,7,n2o_t,General cargo ship,8,8866124827fffff,3e-06
2024,7,n2o_t,Ro-Ro vessel,8,8866124805fffff,4.3e-05
2024,7,co2_t,Bulk carrier,8,8866124809fffff,3e-06
2024,7,co2_t,Container ship,8,8866124827fffff,3.6e-05
2024,7,co2_t,Tanker,8,8866124809fffff,3.2e-05
2024,7,co2_t,General cargo ship,8,8866124825fffff,5e-05
2024,7,co2_t,Ro-Ro vessel,8,8866124827fffff,1.4e-05
2024,8,ch4_t,Bulk carrier,8,8866124825fffff,7e-06
2024,8,ch4_t,Container ship,8,8866124805fffff,1.2e-05
2024,8,ch4_t,Tanker,8,8866124831fffff,4.8e-05
2024,8,ch4_t,General cargo ship,8,8866124805fffff,4.3e-05
2024,8,ch4_t,Ro-Ro vessel,8,8866124809fffff,1.8e-05
2024,8,n2o_t,Bulk carrier,8,8866124825fffff,2.9e-05
2024,8,n2o_t,Container ship,8,8866124807fffff,4.2e-05
2024,8,n2o_t,Tanker,8,8866124805fffff,8e-06
2024,8,n2o_t,General cargo ship,8,8866124827fffff,3e-06
2024,8,n2o_t,Ro-Ro vessel,8,8866124831fffff,4.3e-05
2024,8,co2_t,Bulk carrier,8,8866124805fffff,5e-06
2024,8,co2_t,Container ship,8,8866124823fffff,3.3e-05
2024,8,co2_t,Tanker,8,8866124807fffff,2.8e-05
2024,8,co2_t,General cargo ship,8,8866124807fffff,2.4e-05
2024,8,co2_t,Ro-Ro vessel,8,8866124809fffff,2.1e-05
2024,9,ch4_t,Bulk carrier,8,8866124831fffff,2.1e-05
2024,9,ch4_t,Container ship,8,8866124823fffff,6e-06
2024,9,ch4_t,Tanker,8,8866124805fffff,4.2e-05
2024,9,ch4_t,General cargo ship,8,8866124827fffff,2.8e-05
2024,9,ch4_t,Ro-Ro vessel,8,8866124825fffff,1.3e-05
2024,9,n2o_t,Bulk carrier,8,8866124807fffff,1.3e-05
2024,9,n2o_t,Container ship,8,8866124823fffff,4e-06
2024,9,n2o_t,Tanker,8,8866124825fffff,4.5e-05
2024,9,n2o_t,General cargo ship,8,8866124805fffff,7e-06
2024,9,n2o_t,Ro-Ro vessel,8,8866124827fffff,3.8e-05
2024,9,co2_t,Bulk carrier,8,8866124829fffff,4.2e-05
2024,9,co2_t,Container ship,8,8866124825fffff,1.4e-05
2024,9,co2_t,Tanker,8,8866124831fffff,1.8e-05
2024,9,co2_t,General cargo ship,8,8866124831fffff,4.2e-05
2024,9,co2_t,Ro-Ro vessel,8,8866124807fffff,2e-06
2024,10,ch4_t,Bulk carrier,8,8866124829fffff,2.6e-05
2024,10,ch4_t,Container ship,8,8866124805fffff,3.3e-05
2024,10,ch4_t,Tanker,8,8866124805fffff,2.9e-05
2024,10,ch4_t,General cargo ship,8,8866124829fffff,2.8e-05
2024,10,ch4_t,Ro-Ro vessel,8,8866124805fffff,2e-05
2024,10,n2o_t,Bulk carrier,8,8866124823fffff,1.1e-05
2024,10,n2o_t,Container ship,8,8866124809fffff,3.9e-05
2024,10,n2o_t,Tanker,8,8866124809fffff,3.1e-05
2024,10,n2o_t,General cargo ship,8,8866124805fffff,4.6e-05
2024,10,n2o_t,Ro-Ro vessel,8,8866124831fffff,4.5e-05
2024,10,co2_t,Bulk carrier,8,8866124807fffff,5e-06
2024,10,co2_t,Container ship,8,8866124825fffff,4.9e-05
2024,10,co2_t,Tanker,8,8866124823fffff,3.7e-05
2024,10,co2_t,General cargo ship,8,8866124809fffff,2e-06
2024,10,co2_t,Ro-Ro vessel,8,8866124805fffff,4.9e-05
2024,11,ch4_t,Bulk carrier,8,8866124825fffff,3e-06
2024,11,ch4_t,Container ship,8,8866124829fffff,4e-05
2024,11,ch4_t,Tanker,8,8866124805fffff,4.6e-05
2024,11,ch4_t,General cargo ship,8,8866124827fffff,4.8e-05
2024,11,ch4_t,Ro-Ro vessel,8,8866124829fffff,2.5e-05
2024,11,n2o_t,Bulk carrier,8,8866124831fffff,9e-06
2024,11,n2o_t,Container ship,8,8866124809fffff,5e-06
2024,11,n2o_t,Tanker,8,8866124807fffff,4.7e-05
2024,11,n2o_t,General cargo ship,8,8866124823fffff,1e-05
2024,11,n2o_t,Ro-Ro vessel,8,8866124825fffff,2.9e-05
2024,11,co2_t,Bulk carrier,8,8866124809fffff,9e-06
2024,11,co2_t,Container ship,8,8866124825fffff,4e-06
2024,11,co2_t,Tanker,8,8866124827fffff,2.5e-05
2024,11,co2_t,General cargo ship,8,8866124825fffff,1.1e-05
2024,11,co2_t,Ro-Ro vessel,8,8866124807fffff,3.1e-05
2024,12,ch4_t,Bulk carrier,8,8866124829fffff,4.1e-05
2024,12,ch4_t,Container ship,8,8866124831fffff,3.6e-05
2024,12,ch4_t,Tanker,8,8866124829fffff,1.9e-05
2024,12,ch4_t,General cargo ship,8,8866124805fffff,7e-06
2024,12,ch4_t,Ro-Ro vessel,8,8866124805fffff,1.4e-05
2024,12,n2o_t,Bulk carrier,8,8866124831fffff,3.4e-05
2024,12,n2o_t,Container ship,8,8866124809fffff,4.8e-05
2024,12,n2o_t,Tanker,8,8866124809fffff,2.3e-05
2024,12,n2o_t,General cargo ship,8,8866124823fffff,4e-05
2024,12,n2o_t,Ro-Ro vessel,8,8866124827fffff,2e-05
2024,12,co2_t,Bulk carrier,8,8866124805fffff,2.9e-05
2024,12,co2_t,Container ship,8,8866124829fffff,4.9e-05
2024,12,co2_t,Tanker,8,8866124831fffff,4.5e-05
2024,12,co2_t,General cargo ship,8,8866124829fffff,3.7e-05
2024,12,co2_t,Ro-Ro vessel,8,8866124809fffff,4.3e-05
